group,dataset,outdir,frame,candidate_score,pose_confidence,bbox,bbox_area,mask_area,candidate_depth_valid_ratio,semantic,appearance,geometric,visible_ratio,score_margin,tx,ty,tz,mask_depth_valid_ratio,mask_depth_median_mm,mask_depth_mean_mm,mask_depth_std_mm,mask_depth_iqr_mm,object_center_depth_mm,center_patch_depth_mm,center_depth_abs_error_mm,mask_median_depth_abs_error_mm,projected_point_depth_residual_mm,projected_point_depth_valid_ratio,projected_bbox,projected_bbox_iou,render_mask_iou_approx,bbox_center_distance_px,bbox_scale_ratio,correspondence_count,inlier_count,reprojection_error
SLAM_visible_TP_sample,SLAM_with_milk_nomilk,improved_recall_recovery,000000,0.598650336265564,0.5987,"[152, 219, 50, 121]",6050.0,4423,0.9721908207099254,0.6880166530609131,0.7693578004837036,0.333268940448761,0.9800000190734863,0.00715947151184082,-205.8000030517578,124.69999694824219,636.4000244140625,0.9721908207099254,653.0,654.1160465116279,13.932337261896585,24.0,636.4000244140625,681.0,44.5999755859375,16.5999755859375,66.5451772686938,0.4346,"[150.70619293379224, 206.54418494876558, 78.25015258966894, 127.49323866155385]",0.5598203735548192,0.5470954620566925,15.794010125208704,0.606433282052982,not_logged,not_logged,not_logged
SLAM_visible_TP_sample,SLAM_with_milk_nomilk,improved_recall_recovery,000082,0.5958939790725708,0.5756,"[174, 218, 53, 118]",6254.0,4274,0.9784744969583529,0.6799663305282593,0.7433807849884033,0.3643348217010498,1.0,0.01749575138092041,-234.50508825185713,123.41967936408383,688.1038293172114,0.9784744969583529,657.0,656.4404591104735,13.952922437700597,24.0,688.1038293172114,645.0,43.10382931721142,31.10382931721142,18.60356175478728,0.999,"[148.52036600115903, 208.92352996769142, 71.64111674777621, 117.73090207164302]",0.5185354086843028,0.41695747705829134,18.599962258203398,0.7414895899733848,not_logged,not_logged,not_logged
SLAM_visible_TP_sample,SLAM_with_milk_nomilk,improved_recall_recovery,000143,0.5947277545928955,0.5947,"[228, 197, 56, 132]",7392.0,4646,0.9636246233318984,0.5969830751419067,0.7138736248016357,0.46465516090393066,0.9333333373069763,0.004910707473754883,-105.54486029493657,109.41292379891526,662.5591010779106,0.9636246233318984,663.0,664.0938128210855,12.595107014599456,20.0,662.5591010779106,660.0,2.5591010779105545,0.4408989220894455,28.970759162370314,0.9986,"[220.68618056485255, 199.4137262555117, 70.23012615448866, 121.46257337763316]",0.7457878403735217,0.6025463603653474,2.861897129153993,0.8665547986648928,not_logged,not_logged,not_logged
SLAM_visible_TP_sample,SLAM_with_milk_nomilk,improved_recall_recovery,000216,0.5968256592750549,0.5402,"[347, 190, 41, 130]",5330.0,3740,0.9836898395721925,0.6394568681716919,0.7302563786506653,0.41469258069992065,0.9666666388511658,0.056620657444000244,52.874000131195615,92.48493692007932,680.869938169393,0.9836898395721925,655.0,656.0187550964936,11.2825977354653,19.0,680.869938169393,649.0,31.86993816939298,25.86993816939298,9.574954942719955,0.999,"[316.94765123663717, 191.36655329597974, 65.71910305675647, 116.18126759226917]",0.46973863202474037,0.3803566675538994,18.540707886434717,0.6980707983513265,not_logged,not_logged,not_logged
SLAM_visible_TP_sample,SLAM_with_milk_nomilk,improved_recall_recovery,000296,0.5222054719924927,0.5191,"[511, 161, 83, 160]",13280.0,11696,0.9491279069767442,0.5385026335716248,0.6168452501296997,0.40418753027915955,0.9399999976158142,0.03896653652191162,334.99104515486863,74.48806892612399,575.5557419596016,0.9491279069767442,530.0,537.6325556256193,16.11850927555875,20.0,575.5557419596016,535.0,40.55574195960162,45.55574195960162,16.610928200987587,0.9988,"[506.2218026026212, 166.13383595781912, 83.83876478868649, 140.65579277191793]",0.7970371351403667,0.8205107417916497,6.292467048002506,1.1261482881967029,not_logged,not_logged,not_logged
SLAM_visible_TP_sample,SLAM_with_milk_nomilk,improved_recall_recovery,001317,0.5965104103088379,0.5965,"[241, 197, 56, 124]",6944.0,4856,0.9911449752883031,0.6231741905212402,0.6861559152603149,0.4761904776096344,0.9666666388511658,0.01515430212020874,-40.612340185695295,93.82226878743704,747.6963992878983,0.9911449752883031,709.0,710.6798254726782,9.695612702827619,16.0,747.6963992878983,,,38.696399287898316,721.9851335392997,0.34,"[267.4559015438098, 196.61812238350856, 59.137218897881894, 107.30628525654228]",0.31181960869458875,0.22639656230816452,29.352410989174082,1.0942678881430525,not_logged,not_logged,not_logged
SLAM_visible_TP_sample,SLAM_with_milk_nomilk,improved_recall_recovery,001377,0.5697828531265259,0.5692,"[151, 202, 67, 134]",8978.0,6820,0.9828445747800586,0.5981737971305847,0.6505782008171082,0.4568316638469696,0.9666666388511658,0.023048877716064453,-211.27909614533476,117.15512168462413,686.0773555559243,0.9828445747800586,658.0,661.6198716992392,12.106441700245918,17.0,686.0773555559243,678.0,8.077355555924328,28.077355555924328,15.809446756741636,0.9982,"[162.43748437859745, 204.97648554276833, 68.87363472283184, 118.58989618547969]",0.624175897983311,0.5781661479530764,13.246987711034595,1.099205541681389,not_logged,not_logged,not_logged
SLAM_visible_TP_sample,SLAM_with_milk_nomilk,improved_recall_recovery,001744,0.5609317421913147,0.5609,"[141, 209, 56, 115]",6440.0,4898,0.9616169865251123,0.5885368585586548,0.6529119610786438,0.4363636374473572,0.9599999785423279,0.008825421333312988,-356.49102667956356,125.62117214595318,753.7036592099381,0.9616169865251123,738.0,741.6779193205945,13.28017857624081,20.0,753.7036592099381,728.0,25.70365920993811,15.70365920993811,20.60527954442739,0.6118,"[99.84070929267769, 213.49980693496516, 66.14259828277052, 107.31796532089547]",0.24694900096611175,0.14596136962247586,36.094004197292485,0.9072608818309591,not_logged,not_logged,not_logged
SLAM_visible_TP_sample,SLAM_with_milk_nomilk,improved_recall_recovery,002200,0.5149255394935608,0.5134,"[356, 187, 53, 144]",7632.0,5821,0.9888335337570864,0.5651158690452576,0.5832144618034363,0.3443155586719513,0.6944444179534912,0.009553194046020508,163.7035609893799,65.46343790817261,585.6728476715087,0.9888335337570864,557.0,557.5514246004169,10.106553395126356,16.0,585.6728476715087,,,28.672847671508748,813.49979352565,0.979,"[399.35413546477355, 165.0572317515506, 106.74908025367006, 145.1536259853122]",0.05417293941298369,0.008696242951287451,73.40688604854425,0.4925454717703307,not_logged,not_logged,not_logged
SLAM_visible_TP_sample,SLAM_with_milk_nomilk,improved_recall_recovery,002336,0.5627064108848572,0.5627,"[78, 203, 101, 169]",17069.0,12119,0.9137717633468108,0.5895857810974121,0.6446117758750916,0.45094120502471924,0.9733333587646484,0.005145430564880371,-263.65129493911365,136.33317514432002,531.1852510769223,0.9137717633468108,490.0,494.76359039190896,14.471413407134156,14.0,531.1852510769223,491.0,40.18525107692233,41.18525107692233,23.43299782335498,0.9112,"[64.80348095716973, 206.80533317594194, 104.71559144396356, 154.22939217852877]",0.7388356274132882,0.709113694910534,11.89045150567179,1.0568894953173744,not_logged,not_logged,not_logged
SLAM_hidden_FP,SLAM_with_milk_nomilk,improved_recall_recovery,001245,0.5192379951477051,0.5192,"[469, 165, 68, 143]",9724.0,8502,0.9671841919548342,0.5300240516662598,0.569060206413269,0.4476534426212311,0.846666693687439,0.049262166023254395,315.79998779296875,69.0999984741211,665.0,0.9671841919548342,624.0,630.076249543962,13.578652793672223,15.0,665.0,624.0,41.0,41.0,11.662959582875772,0.9996,"[468.3408110740465, 174.5091267507394, 72.58862147389021, 121.53162775767262]",0.803775710153523,0.8316943596699446,2.0431333284552564,1.1022677132712024,not_logged,not_logged,not_logged
SLAM_hidden_FP,SLAM_with_milk_nomilk,improved_recall_recovery,001720,0.5628148913383484,0.5628,"[22, 216, 78, 131]",10218.0,7259,0.9329108692657391,0.5982966423034668,0.6698452830314636,0.41436463594436646,0.9599999785423279,0.022994637489318848,-456.70001220703125,139.8000030517578,702.0,0.9329108692657391,660.0,664.4812463083284,14.842441949702717,24.0,702.0,669.0,33.0,42.0,11.367171386966902,0.9982,"[20.379334555379717, 218.4696786063338, 79.81081132509911, 116.61845728066174]",0.8721917620409987,0.8067858067858068,4.77496736548467,1.0978345154921494,not_logged,not_logged,not_logged
SLAM_hidden_FP,SLAM_with_milk_nomilk,improved_recall_recovery,001808,0.5826863646507263,0.5776,"[377, 194, 41, 102]",4182.0,3156,0.988276299112801,0.576337993144989,0.7183713316917419,0.44701874256134033,0.95333331823349,0.016246557235717773,92.42350412308427,80.72282445702719,766.4659218666869,0.988276299112801,750.0,750.9403655017634,7.160973906212271,9.0,766.4659218666869,768.0,1.5340781333130735,16.465921866686926,29.638224340156853,0.658,"[335.77895292658695, 191.38455481884165, 59.48758922106674, 103.97299932514]",0.21741755577292537,0.07410795974382434,32.018715442335804,0.6761407126136363,not_logged,not_logged,not_logged
only_Milk_normal_sample,only_Milk,jitter_recall_smoothing,000000,0.6299417018890381,0.6287,"[246, 256, 47, 140]",6580.0,6098,0.9916366021646441,0.6248686909675598,0.7267884612083435,0.5381679534912109,1.0,0.046844542026519775,-89.69999694824219,209.10000610351562,657.7000122070312,0.9916366021646441,632.0,633.3987101041839,11.471044859708442,13.0,657.7000122070312,621.0,36.70001220703125,25.70001220703125,11.741561648433844,0.999,"[247.5263305088477, 258.7463319211816, 46.251934493190674, 118.49388194222496]",0.8075800728792674,0.812078431372549,8.089219313040811,1.200604769341859,not_logged,not_logged,not_logged
only_Milk_normal_sample,only_Milk,jitter_recall_smoothing,000095,0.6263000965118408,0.6257,"[208, 276, 59, 132]",7788.0,7321,0.986750443928425,0.6487627029418945,0.7653327584266663,0.46313992142677307,0.9897959232330322,0.01983565092086792,-114.60597673988232,196.4343923933367,532.695056140954,0.986750443928425,492.0,493.4408914728682,7.743292391281752,11.0,532.695056140954,485.0,47.695056140953966,40.695056140953966,9.826271826760262,0.7172,"[185.08073989795443, 249.87522170799062, 83.24352397506672, 156.65010362959956]",0.5866479941458854,0.5337766213741929,17.52194099917858,0.597234378885047,not_logged,not_logged,not_logged
only_Milk_normal_sample,only_Milk,jitter_recall_smoothing,000190,0.624894917011261,0.5974,"[289, 271, 42, 115]",4830.0,4625,0.9974054054054055,0.6363899111747742,0.7375802993774414,0.4981273412704468,0.9795918464660645,0.05011206865310669,30.648107716704423,205.7309743982753,663.5307345587973,0.9974054054054055,670.0,671.2089746368957,7.075673289020751,11.0,663.5307345587973,800.0,136.46926544120265,6.469265441202651,1003.7620919193672,0.398,"[318.7387743426076, 254.90018409693798, 53.547035799189985, 123.5797225972315]",0.13009885711178604,0.11420642544561853,37.424563164513806,0.7299018764230414,not_logged,not_logged,not_logged
only_Milk_normal_sample,only_Milk,jitter_recall_smoothing,000285,0.6190243363380432,0.619,"[417, 263, 54, 129]",6966.0,6180,0.9954692556634305,0.6499546766281128,0.7524271011352539,0.4546912610530853,1.0,0.0007624626159667969,213.74191409780636,201.7870104381201,596.2713687493264,0.9954692556634305,609.0,610.122399219766,8.310173170211742,11.0,596.2713687493264,598.0,1.7286312506736294,12.72863125067363,27.901365467191567,0.9976,"[430.67637307391766, 254.02460468431482, 61.44601081183578, 133.1014090597113]",0.4936427116673263,0.4933025911286781,18.726711242605212,0.8517401583153831,not_logged,not_logged,not_logged
only_Milk_normal_sample,only_Milk,jitter_recall_smoothing,000380,0.6300907135009766,0.6301,"[328, 252, 60, 162]",9720.0,8754,0.9788668037468585,0.6002804040908813,0.7327224612236023,0.5565187335014343,0.9897959232330322,0.06230771541595459,59.57988913994419,179.82866526698734,519.743592089564,0.9788668037468585,506.0,507.9204107830552,9.814380194451513,13.0,519.743592089564,499.0,20.743592089564004,13.743592089564004,1135.3239812449526,0.2918,"[280.6918855147152, 242.55614043984042, 115.15667629171475, 160.55340348673474]",0.4736426022628145,0.3920711845554938,22.195386288041686,0.5257237862067761,not_logged,not_logged,not_logged
only_Milk_normal_sample,only_Milk,jitter_recall_smoothing,000475,0.5607824921607971,0.5608,"[356, 261, 55, 140]",7700.0,6984,0.854381443298969,0.5872501134872437,0.6842730045318604,0.40011322498321533,0.9333333373069763,0.003968417644500732,66.9849450354285,202.76417833086686,586.2833161775505,0.854381443298969,587.0,590.0796044913692,13.514178217041193,15.0,586.2833161775505,588.0,1.716683822449454,0.716683822449454,32.3312237264455,0.932,"[336.86137491775753, 254.91330116945963, 57.91408562558428, 136.53394394218552]",0.4794872047816253,0.4373700366372908,19.333558381935475,0.9737912901279886,not_logged,not_logged,not_logged
only_Milk_normal_sample,only_Milk,jitter_recall_smoothing,000575,0.5762823820114136,0.5763,"[271, 275, 42, 97]",4074.0,4111,1.0,0.6186379790306091,0.6673411726951599,0.4161849617958069,0.8333333134651184,0.030725598335266113,-21.20130234895302,155.90945253203753,622.1832315259264,1.0,591.0,591.9333495499878,8.83610791902063,12.0,622.1832315259264,599.0,23.18323152592643,31.18323152592643,127.40439434542884,0.3942,"[244.55533252989076, 260.8125854922166, 96.3023111637215, 117.6204887124]",0.35966761511081013,0.5051034873830451,3.9410117782589267,0.3596676151108101,not_logged,not_logged,not_logged
only_Milk_normal_sample,only_Milk,jitter_recall_smoothing,000670,0.6194230318069458,0.6185,"[344, 312, 62, 159]",9858.0,9079,0.9532988214561074,0.6516215205192566,0.7462958097457886,0.4603517949581146,1.0,0.01504361629486084,77.42929258124406,221.82774617255535,458.02430141194844,0.9532988214561074,472.0,472.9648757943385,5.644272079456302,5.0,458.02430141194844,468.0,9.975698588051557,13.975698588051557,56.165627985842036,0.9982,"[353.7547979890618, 271.6802261872118, 69.1215803397705, 181.68022652505715]",0.4913573702598767,0.503050510783201,31.892406833397878,0.7849960874808329,not_logged,not_logged,not_logged
only_Milk_normal_sample,only_Milk,jitter_recall_smoothing,000765,0.6185017824172974,0.6185,"[288, 305, 59, 152]",8968.0,8253,0.9760087241003271,0.632835328578949,0.6994563341140747,0.5211864113807678,0.9791666865348816,0.008916735649108887,5.72327239846656,221.6102016394563,500.75299504319753,0.9760087241003271,499.0,499.3235257603973,5.721933275193008,9.0,500.75299504319753,493.0,7.752995043197529,1.7529950431975294,1476.2688950982965,0.9978,"[221.10224437234848, 280.7047150987553, 129.09417061066307, 168.6904292755229]",0.3833101976515835,0.3285137146502233,35.62120072921695,0.4118115514155904,not_logged,not_logged,not_logged
only_Milk_normal_sample,only_Milk,jitter_recall_smoothing,000860,0.6256791949272156,0.6257,"[259, 262, 57, 155]",8835.0,8833,0.9663760896637609,0.6241173148155212,0.736414909362793,0.5153798460960388,0.9897959232330322,0.008881688117980957,-47.38379765771281,190.9072538131665,524.9950689753778,0.9663760896637609,493.0,494.9974226804124,5.799382938475177,9.0,524.9950689753778,488.0,36.99506897537776,31.995068975377762,8.855360525718424,0.9986,"[257.8567433630157, 247.01252252740358, 58.796596101389866, 151.86961805971777]",0.7831937975816162,0.7634676775738228,16.55448088235313,0.9894263424553159,not_logged,not_logged,not_logged
only_Milk_rotation_spike,only_Milk,jitter_recall_smoothing,000150,0.5984697937965393,0.5985,"[373, 269, 53, 110]",5830.0,5223,0.9894696534558682,0.649476170539856,0.7436366677284241,0.40229660272598267,1.0,0.04381752014160156,76.03689809797767,144.90498325100492,505.6779883233836,0.9894696534558682,531.0,531.3095975232198,5.447764971221289,8.0,505.6779883233836,525.0,19.3220116766164,25.3220116766164,177.7460642125094,0.875,"[350.2912263704075, 262.62698574064694, 101.63206397665539, 127.2409745082943]",0.4508279391107768,0.4668046059733717,2.7630443887228293,0.45082793911077673,not_logged,not_logged,not_logged
only_Milk_rotation_spike,only_Milk,jitter_recall_smoothing,000575,0.5762823820114136,0.5763,"[271, 275, 42, 97]",4074.0,4111,1.0,0.6186379790306091,0.6673411726951599,0.4161849617958069,0.8333333134651184,0.030725598335266113,-21.20130234895302,155.90945253203753,622.1832315259264,1.0,591.0,591.9333495499878,8.83610791902063,12.0,622.1832315259264,599.0,23.18323152592643,31.18323152592643,127.40439434542884,0.3942,"[244.55533252989076, 260.8125854922166, 96.3023111637215, 117.6204887124]",0.35966761511081013,0.5051034873830451,3.9410117782589267,0.3596676151108101,not_logged,not_logged,not_logged
only_Milk_rotation_spike,only_Milk,jitter_recall_smoothing,000760,0.6415187120437622,0.6412,"[296, 311, 58, 121]",7018.0,6516,0.9436771025168815,0.6113625168800354,0.6707876920700073,0.6424344778060913,0.96875,0.0194321870803833,9.074265228410091,205.5156948299328,525.2815242626717,0.9436771025168815,492.0,492.56643356643355,6.279525956091498,5.0,525.2815242626717,488.0,37.281524262671724,33.281524262671724,1141.8638314870354,1.0,"[203.13447397971814, 291.00104057186223, 143.00119351329087, 142.89803299343612]",0.2836606448580379,0.2049192472958957,51.171550365345155,0.34343729192188643,not_logged,not_logged,not_logged
only_Milk_rotation_spike,only_Milk,jitter_recall_smoothing,000685,0.569062352180481,0.5472,"[320, 327, 60, 152]",9120.0,8675,0.9620749279538905,0.5790871381759644,0.6858830451965332,0.44090908765792847,0.9897959232330322,0.021849095821380615,52.67056945576456,277.7099759396412,483.0502219701416,0.9620749279538905,470.0,474.3685597891205,10.77293422984289,6.0,483.0502219701416,468.0,15.050221970141592,13.050221970141592,26.165085471093562,0.8924924924924925,"[325.4265404349297, 311.4255293273222, 83.51731161492427, 160.478204513567]",0.541087976933955,0.6007737656595431,20.5869266043665,0.6804594903166475,not_logged,not_logged,not_logged
only_Milk_rotation_spike,only_Milk,jitter_recall_smoothing,000075,0.5966374278068542,0.5966,"[209, 276, 51, 100]",5100.0,4761,0.9970594412938458,0.5973092317581177,0.7417139410972595,0.44785276055336,0.9795918464660645,0.01213914155960083,-113.86136095000903,147.4509703193064,639.5251083219468,0.9970594412938458,577.0,579.2765957446809,6.919042361922217,10.0,639.5251083219468,586.0,53.525108321946846,62.525108321946846,1140.2391538834631,0.999,"[135.40474463888398, 256.1915936513391, 131.6834112557749, 106.70676945884304]",0.30108073247435707,0.2972121777674093,37.102106494779264,0.3629502800437831,not_logged,not_logged,not_logged
only_Milk_rotation_spike,only_Milk,jitter_recall_smoothing,000370,0.6225824952125549,0.6226,"[347, 272, 58, 126]",7308.0,6879,0.9861898531763338,0.6668582558631897,0.7436869740486145,0.4554973840713501,0.9897959232330322,0.009056687355041504,60.91926632222312,143.58381641770882,501.9138375432544,0.9861898531763338,503.0,503.196491745283,5.481275433767955,8.0,501.9138375432544,499.0,2.913837543254374,1.086162456745626,1446.2838801440387,1.0,"[229.74125733885253, 259.5167447887395, 156.39605205269388, 133.3900035168121]",0.20189539855821717,0.11569965870307167,68.62575717319426,0.3503075268354344,not_logged,not_logged,not_logged
only_Milk_rotation_spike,only_Milk,jitter_recall_smoothing,000725,0.5383379459381104,0.5383,"[292, 374, 55, 105]",5775.0,5072,0.9753548895899053,0.5686110854148865,0.6956035494804382,0.3468921482563019,0.9795918464660645,0.006058752536773682,-7.1247959940583625,268.22257136450094,512.1592225135048,0.9753548895899053,504.0,504.45098039215685,4.433614334984066,7.0,512.1592225135048,507.0,5.159222513504801,8.159222513504801,481.1093294141606,1.0,"[299.3284122641353, 361.11778443739763, 153.71841039678617, 100.38205463315109]",0.24487375008426976,0.19868238557558945,58.68780259904245,0.3742570785421145,not_logged,not_logged,not_logged
only_Milk_rotation_spike,only_Milk,jitter_recall_smoothing,000395,0.6144134998321533,0.6144,"[293, 272, 55, 119]",6545.0,5558,0.9998200791651674,0.6561317443847656,0.7565720081329346,0.42864102125167847,0.9897959232330322,0.02486783266067505,20.564227201589233,144.0432075920891,532.4962443627284,0.9998200791651674,500.0,500.95825085477776,6.950793842187092,11.0,532.4962443627284,502.0,30.496244362728362,32.49624436272836,1401.0659802389762,0.999,"[206.40403740068263, 262.8570159188685, 161.56811901009695, 129.91738415826222]",0.31180761283676334,0.33668994640246874,33.51502491895191,0.31180761283676334,not_logged,not_logged,not_logged
only_Milk_rotation_spike,only_Milk,jitter_recall_smoothing,000555,0.6241725087165833,0.6242,"[300, 277, 39, 99]",3861.0,3581,1.0,0.6427362561225891,0.6963246464729309,0.5274088382720947,0.9375,0.007399439811706543,31.722691597792036,212.20117654989093,653.2572845159261,1.0,635.0,635.268919296286,8.572180358636814,14.0,653.2572845159261,637.0,16.25728451592613,18.25728451592613,8.592356933607903,0.721,"[310.7721748560916, 258.96394614925276, 61.821958308562444, 122.31846693303135]",0.3238781986506766,0.31848291985972205,23.081511217003797,0.5105814289752372,not_logged,not_logged,not_logged
only_Milk_rotation_spike,only_Milk,jitter_recall_smoothing,000720,0.5897305011749268,0.5897,"[287, 375, 56, 103]",5768.0,5639,0.9430750133002306,0.5684966444969177,0.6539232134819031,0.5272449254989624,0.6875,0.05291628837585449,-10.045839965183172,322.94241419733913,500.02187421699057,0.9430750133002306,507.0,508.06017299736743,5.184137445437367,8.0,500.02187421699057,,,6.978125783009432,14.466192495263954,0.999198717948718,"[301.1225197236722, 341.65415452120374, 63.00146610837328, 42.00830197008912]",0.045053382517506985,0.04683706982721691,66.22945714941224,2.1794126558504043,not_logged,not_logged,not_logged
