frame,prev_frame,rotation_delta_deg,translation_delta_mm
000150,000145,56.55638687565204,62.98541969167162
000575,000570,56.45061125033229,67.91686736165954
000760,000755,56.42027597463638,64.45522718311891
000685,000680,56.19978595919911,22.732974513873817
000075,000070,55.99734548083582,68.42778020964802
000370,000365,55.63226736422586,62.93627138056572
000725,000720,55.555867427509305,56.12583114041747
000395,000390,55.181164998632944,53.019781952774466
000555,000550,53.21333392338425,25.483317184972766
000720,000715,52.92639336603855,30.762047132271725
000160,000155,50.65458294637998,54.1368442879691
000570,000565,48.41472695750246,11.368533097068722
000695,000690,46.173068951959465,24.646469582001725
000580,000575,31.59153043860419,30.42056407951731
000700,000695,29.93115741268362,23.16089885372509
000730,000725,29.251343680833152,29.123216770595
000165,000160,27.577313707896522,37.72678417803182
000585,000580,22.072290118217758,21.799363380302804
000560,000555,21.68527897172332,20.688903928971335
000400,000395,21.52719954094515,25.758857700860858
000690,000685,20.67598387816564,30.768044540645146
000705,000700,20.668052898826133,14.274866727695844
000735,000730,20.566391389064208,14.808720889678963
000375,000370,20.132536784218377,25.59731213017232
000155,000150,19.60304095285862,38.448672246054514
000080,000075,19.385678451798135,30.516020734642733
000170,000165,18.171777894804286,29.30880077291789
000765,000760,17.292838526982326,29.528139935639874
000565,000560,16.160066115695283,15.074227360962103
000710,000705,14.253478308716371,13.040245364916805
000405,000400,14.141308002460812,18.912823202895154
000740,000735,13.158149714842999,8.340861426509077
000380,000375,13.071151640719886,15.501919737444156
000085,000080,12.761715605697754,25.711999898048532
000770,000765,12.649854921395626,18.79418346513587
000590,000585,12.577577192154424,17.80926650726722
000175,000170,12.175821050774328,23.281512868351033
000515,000505,10.46158870920034,38.793967063316565
000410,000405,9.626169758398653,9.25581084641176
000385,000380,9.290941358346043,13.484610063673127
000745,000740,8.703668269553209,5.898024027094335
000090,000085,8.45697032924266,22.258397202810386
000715,000710,8.27801080912241,18.44624441738608
000775,000770,8.095187807570325,18.62716610650507
000180,000175,7.8828390500682834,25.908336698148442
000595,000590,7.073415418386291,25.461799412931178
000415,000410,6.231826393165323,5.753777524224332
000390,000385,6.072559131140153,13.974420306082193
000750,000745,5.271317102417308,11.686242222045534
000780,000775,5.161594426049477,16.873327230223513
000545,000540,5.1088709478259915,23.444944413199
000550,000545,4.802384889008498,22.813619087117626
000095,000090,4.798671398823148,48.26590641789574
000420,000415,4.240911776115437,6.295514832163293
000185,000180,4.149133248135319,29.747072459586665
000600,000595,4.0565071418771055,29.674435675445395
000225,000220,3.8659878206033715,23.356376213294524
000450,000445,3.755315098168815,9.469899470194594
000195,000190,3.6292389698613197,35.388306183450545
000755,000750,3.536299963789218,10.007958304622914
000100,000095,3.4972916490745503,36.40571787478071
000255,000250,3.365498584965312,49.95809338290995
000460,000455,3.3513861252676547,10.165025820833804
000445,000440,3.2164679151587268,3.758712344672363
000205,000200,3.165756868199707,30.690916446953413
000245,000240,3.126513548600807,46.473280931353536
000455,000450,3.081573493757338,8.765307291611476
000425,000420,3.0276830465623377,7.486298556144602
000440,000435,3.024250177531649,4.064742222004909
000815,000810,3.019347504509847,6.400007330480958
000430,000425,2.9917014073666994,8.514419265989618
000605,000600,2.9820425732408715,23.460366493900892
000265,000260,2.9063457435978686,36.717107846595894
000240,000235,2.889242739827515,42.88309411116749
000315,000310,2.7795302745701425,36.18532345558008
000790,000785,2.725645139586516,13.54303095304109
000250,000245,2.7132766380227875,45.87939290108699
000505,000500,2.7108920254391493,12.875086237346764
000135,000130,2.6441544505064947,26.287362092308257
000200,000195,2.6325303851994653,40.04371850358387
000105,000100,2.5828391980695886,6.282051608229359
000235,000230,2.474639101424877,33.90587369763109
000465,000460,2.4653872266034553,16.978644411786263
000435,000430,2.4254055670730583,9.082432879862408
000470,000465,2.4216592072002343,22.559964872754968
000260,000255,2.41314328207304,39.87537392000245
000650,000645,2.4063199737928276,24.235571929290373
000785,000780,2.4025323212284033,22.326559388862304
000190,000185,2.306749277683328,36.887391037413146
000860,000855,2.2256142589582693,2.016331827402601
000475,000470,2.108496801600545,23.111870326546534
000610,000605,2.080404734770877,17.039025131114716
000215,000210,2.0537933813291267,18.990551536254163
000230,000225,2.048782358005178,25.280980504652693
000615,000610,2.040158064526058,12.526499008702418
000620,000615,1.8995732399581104,8.100510483470387
000115,000110,1.880229309253864,14.468212297603165
000320,000315,1.868183228514069,33.33172548351763
000640,000635,1.855221748675835,28.543692298471502
000500,000495,1.790038050085074,6.87601858950876
000210,000205,1.6897850435164146,18.32273408999251
000360,000355,1.6755859246222495,25.711397989044162
000795,000790,1.659841063270027,9.271126039849102
000290,000285,1.6146575632404823,27.157899433034164
000125,000120,1.5964051930438448,20.06584242993398
000665,000660,1.5859122701976165,19.296286415434782
000655,000650,1.5191093503084077,18.14139565384305
000350,000345,1.5110691533692377,42.22759308546724
000295,000290,1.491882275464791,22.54707645144173
000680,000675,1.4815194909619953,26.705982946373684
000110,000105,1.4772263401086387,32.5718075366754
000270,000265,1.4278664533749545,31.924926851284674
000120,000115,1.375747675180313,19.067242738165092
000145,000140,1.3418811498534566,22.871767423760637
000485,000480,1.3171796089738035,17.191626201041153
000355,000350,1.2714724329349987,18.095022317988896
000305,000300,1.2331414500205564,19.185144127992665
000300,000295,1.1856644151813538,19.433494094266752
000495,000490,1.1592392222696482,9.276383174499529
000340,000335,1.1569293728641317,46.403482257276764
000130,000125,1.1450996256781711,22.342499041341938
000535,000530,1.1426319383645367,12.787148877371047
000525,000520,1.1208363796148255,4.401645213011751
000670,000665,1.1125346455838538,19.580885326282154
000540,000535,1.0697103293853327,14.681722968148627
000490,000485,1.0586707501102528,11.607434669569777
000530,000525,1.0563716436047343,6.576090317739649
000325,000320,1.026898370919475,30.636717887604632
000310,000305,1.025980577913678,27.152891930174626
000625,000620,1.0169018882410004,4.833442611922323
000645,000640,0.9919201666400292,9.534496483270123
000070,000065,0.9475660962978874,11.67411640531994
000140,000135,0.9348149405372637,22.074125399568615
000660,000655,0.9250640092050909,14.00587788521183
000800,000795,0.8697067278339381,6.043876898455199
000335,000330,0.8609352634768004,22.728170818727307
000675,000670,0.8251477714223943,26.909956441675046
000365,000360,0.820039886463974,16.407382989717163
000520,000515,0.8039211119282986,3.371835589736475
000630,000625,0.7961454128182687,3.471025418827123
000825,000820,0.7848577227735296,1.7566279298994756
000805,000800,0.7605725620860491,3.9774035650153072
000220,000215,0.7473721088848186,18.758950070229734
000275,000270,0.6600601462251775,28.193071156966173
000060,000055,0.6542096222918983,2.625734535703343
000835,000830,0.6483295338009908,1.1985246754836387
000635,000630,0.6439631238878959,3.4476015566295493
000820,000815,0.6318375283770248,2.1568451845615724
000005,000000,0.621855915130499,0.9905616786121182
000330,000325,0.559909922548604,26.117382388733866
000025,000020,0.5587295283900305,1.028683857653196
000065,000060,0.5436234361877439,5.017455990868241
000280,000275,0.5429437536878475,25.22161815479271
000045,000040,0.5285699753251916,0.8446070148105578
000035,000030,0.5100050395511408,0.7901835185459107
000285,000280,0.5070997540923519,22.788015720264692
000480,000475,0.4403963001788745,21.538076054575477
000830,000825,0.39280566531413297,0.5986489604934876
000345,000340,0.3863714011471869,13.55922706490022
000010,000005,0.379245135459704,0.6421560904464647
000040,000035,0.3780413370419871,0.7535633485927756
000030,000025,0.370859582411451,0.9757629795573551
000840,000835,0.3226646605751797,0.667572434388641
000850,000845,0.3120841447872248,0.5171517241522059
000015,000010,0.2842283031560159,0.3614743002670625
000050,000045,0.23881954209125764,0.4361707235691571
000055,000050,0.21507578466944746,0.9202268468760076
000855,000850,0.18134050554324962,0.24619651766143402
000020,000015,0.15996525165407371,0.19091483146436655
000810,000805,0.14740019879303765,2.71777358481419
000845,000840,0.0668630539120803,0.3723419748722554
