frame,stage,score,bbox_area,mask_area,depth_valid_ratio,reasons
000000,no_ism_candidate,0.6334791779518127,6580.0,6098.0,0.9916366021646441,mask_area_below_min;bbox_area_below_min
000005,no_ism_candidate,0.62762051820755,6674.0,6260.0,0.9921725239616613,mask_area_below_min;bbox_area_below_min
000010,no_ism_candidate,0.6227278709411621,2332.0,1585.0,0.9861198738170347,mask_area_below_min;bbox_area_below_min
000015,no_ism_candidate,0.6360778212547302,6580.0,6074.0,0.9934145538360224,mask_area_below_min;bbox_area_below_min
000020,no_ism_candidate,0.6320209503173828,6816.0,6243.0,0.9911901329489028,mask_area_below_min;bbox_area_below_min
000025,no_ism_candidate,0.6335082650184631,6816.0,6256.0,0.9900895140664961,mask_area_below_min;bbox_area_below_min
000030,no_ism_candidate,0.6381742358207703,6768.0,6035.0,0.9913835956917978,mask_area_below_min;bbox_area_below_min
000035,no_ism_candidate,0.6305864453315735,6816.0,6174.0,0.9936831875607386,mask_area_below_min;bbox_area_below_min
000040,no_ism_candidate,0.6292861700057983,6816.0,6152.0,0.9944733420026007,mask_area_below_min;bbox_area_below_min
000045,no_ism_candidate,0.632321834564209,6768.0,6145.0,0.9960943856794141,mask_area_below_min;bbox_area_below_min
000050,no_ism_candidate,0.6257174611091614,6768.0,6131.0,0.9962485728266188,mask_area_below_min;bbox_area_below_min
000055,no_ism_candidate,0.620255708694458,6768.0,6042.0,0.9783184376034426,mask_area_below_min;bbox_area_below_min
000060,no_ism_candidate,0.6300159096717834,6256.0,5772.0,0.9972279972279973,mask_area_below_min;bbox_area_below_min
000065,no_ism_candidate,0.618224561214447,6192.0,6048.0,0.998181216931217,mask_area_below_min;bbox_area_below_min
000070,no_ism_candidate,0.6350000500679016,6850.0,6447.0,0.9930200093066542,mask_area_below_min;bbox_area_below_min
000075,no_ism_candidate,0.5996928811073303,5100.0,4761.0,0.9970594412938458,mask_area_below_min;bbox_area_below_min
000080,no_ism_candidate,0.6219702363014221,7367.0,6881.0,0.9863391948844644,mask_area_below_min;bbox_area_below_min
000085,survived,0.6123321056365967,9185.0,9054.0,0.9666445769825491,
000090,survived,0.6209647059440613,10325.0,9455.0,0.9857218402961396,
000095,survived,0.6274676322937012,7788.0,7321.0,0.986750443928425,mask_area_below_min;bbox_area_below_min
000100,temporal_jump_reject,0.6306509971618652,9238.0,8741.0,0.9858139800938108,mask_area_below_min
000105,temporal_jump_reject,0.62596595287323,12352.0,11311.0,0.9805499071700114,
000110,temporal_jump_reject,0.6383340954780579,10752.0,9752.0,0.9891304347826086,
000115,temporal_jump_reject,0.6347526907920837,12804.0,11907.0,0.983371126228269,
000120,temporal_jump_reject,0.6279611587524414,12545.0,11860.0,0.966441821247892,
000125,temporal_jump_reject,0.63102787733078,13065.0,11802.0,0.9795797322487714,
000130,temporal_jump_reject,0.626480758190155,13248.0,11807.0,0.9763699500296434,
000135,temporal_jump_reject,0.5676422119140625,12351.0,11614.0,0.9615980712932668,
000140,temporal_jump_reject,0.607468843460083,10048.0,9098.0,0.9868102879753792,
000145,temporal_jump_reject,0.5547567009925842,10494.0,9692.0,0.9699752373091209,
000150,temporal_jump_reject,0.5966862440109253,5830.0,5223.0,0.9894696534558682,mask_area_below_min;bbox_area_below_min
000155,temporal_jump_reject,0.5610775947570801,9858.0,9030.0,0.9487264673311185,
000160,no_ism_candidate,0.5850869417190552,7436.0,6839.0,0.9945898523175903,mask_area_below_min;bbox_area_below_min
000165,no_ism_candidate,0.5739594101905823,8176.0,7304.0,0.9826122672508215,mask_area_below_min;bbox_area_below_min
000170,no_ism_candidate,0.5749415159225464,7473.0,6734.0,0.9915354915354916,mask_area_below_min;bbox_area_below_min
000175,no_ism_candidate,0.5867482423782349,7100.0,6385.0,0.9813625685199687,mask_area_below_min;bbox_area_below_min
000180,no_ism_candidate,0.5887603759765625,6624.0,5968.0,0.983411528150134,mask_area_below_min;bbox_area_below_min
000185,no_ism_candidate,0.6595023274421692,5175.0,4909.0,0.9983703401914851,mask_area_below_min;bbox_area_below_min
000190,no_ism_candidate,0.6286062002182007,4830.0,4625.0,0.9974054054054055,mask_area_below_min;bbox_area_below_min
000195,no_ism_candidate,0.6324275135993958,6072.0,5651.0,0.9869049725712263,mask_area_below_min;bbox_area_below_min
000200,no_ism_candidate,0.6359196305274963,6120.0,5802.0,0.9974146845915202,mask_area_below_min;bbox_area_below_min
000205,no_ism_candidate,0.5702723264694214,5984.0,5617.0,0.9843332739896742,mask_area_below_min;bbox_area_below_min
000210,no_ism_candidate,0.6308161020278931,6768.0,6096.0,0.9975393700787402,mask_area_below_min;bbox_area_below_min
000215,no_ism_candidate,0.6204824447631836,7350.0,6391.0,0.9687059928023783,mask_area_below_min;bbox_area_below_min
000220,no_ism_candidate,0.6164857745170593,7852.0,7709.0,0.9548579582306395,mask_area_below_min;bbox_area_below_min
000225,no_ism_candidate,0.5775930881500244,2950.0,2176.0,0.9958639705882353,mask_area_below_min;bbox_area_below_min
000230,no_ism_candidate,0.6228369474411011,9633.0,8939.0,0.9640899429466383,mask_area_below_min
000235,pose_confidence_score_below_min,0.5718110203742981,9060.0,8820.0,0.9484126984126984,mask_area_below_min
000240,pose_confidence_score_below_min,0.62956303358078,10740.0,9742.0,0.9604803941695751,
000245,temporal_jump_reject,0.6238985657691956,9982.0,9313.0,0.9822828304520562,
000250,temporal_jump_reject,0.610072135925293,11895.0,10504.0,0.982006854531607,
000255,temporal_jump_reject,0.6116438508033752,10496.0,9758.0,0.974584955933593,
000260,temporal_jump_reject,0.5637970566749573,11316.0,10310.0,0.9769156159068865,
000265,temporal_jump_reject,0.5652878284454346,10676.0,9714.0,0.9897055795758699,
000270,temporal_jump_reject,0.5669710636138916,10112.0,9028.0,0.993021710234825,
000275,temporal_jump_reject,0.5731950402259827,8880.0,8106.0,0.9958055761164569,mask_area_below_min;bbox_area_below_min
000280,no_ism_candidate,0.5732089281082153,7809.0,6926.0,0.9914813745307537,mask_area_below_min;bbox_area_below_min
000285,no_ism_candidate,0.6158515214920044,6966.0,6180.0,0.9954692556634305,mask_area_below_min;bbox_area_below_min
000290,no_ism_candidate,0.6030635237693787,7089.0,6193.0,0.9838527369610851,mask_area_below_min;bbox_area_below_min
000295,no_ism_candidate,0.6125643253326416,6762.0,6014.0,0.9985034918523445,mask_area_below_min;bbox_area_below_min
000300,no_ism_candidate,0.617878794670105,6576.0,5997.0,0.9829914957478739,mask_area_below_min;bbox_area_below_min
000305,no_ism_candidate,0.6276885867118835,5952.0,5422.0,0.9990778310586499,mask_area_below_min;bbox_area_below_min
000310,no_ism_candidate,0.6202104091644287,6336.0,5812.0,0.9778045423262216,mask_area_below_min;bbox_area_below_min
000315,no_ism_candidate,0.6250738501548767,6615.0,6209.0,0.9714929940409084,mask_area_below_min;bbox_area_below_min
000320,no_ism_candidate,0.6348125338554382,6650.0,6362.0,0.9723357434768941,mask_area_below_min;bbox_area_below_min
000325,no_ism_candidate,0.6320688128471375,7800.0,7155.0,0.9767994409503844,mask_area_below_min;bbox_area_below_min
000330,no_ism_candidate,0.6334799528121948,7384.0,7199.0,0.9167939991665509,mask_area_below_min;bbox_area_below_min
000335,no_ism_candidate,0.6415689587593079,3038.0,2254.0,0.9964507542147294,mask_area_below_min;bbox_area_below_min
000340,temporal_jump_reject,0.6348019242286682,3498.0,2625.0,0.9641904761904762,mask_area_below_min;bbox_area_below_min
000345,temporal_jump_reject,0.6493398547172546,3685.0,2667.0,0.8938882639670042,mask_area_below_min;bbox_area_below_min
000350,temporal_jump_reject,0.6172757148742676,9204.0,8453.0,0.9594226901691707,mask_area_below_min
000355,temporal_jump_reject,0.6273232102394104,9240.0,8477.0,0.989501002713224,mask_area_below_min
000360,temporal_jump_reject,0.6310351490974426,9027.0,8642.0,0.9856514695672298,mask_area_below_min
000365,temporal_jump_reject,0.6285403966903687,9027.0,8395.0,0.979988088147707,mask_area_below_min
000370,temporal_jump_reject,0.6220535039901733,7308.0,6879.0,0.9861898531763338,mask_area_below_min;bbox_area_below_min
000375,temporal_jump_reject,0.6235674023628235,9480.0,8963.0,0.9819256945219235,mask_area_below_min
000380,temporal_jump_reject,0.6278640031814575,9720.0,8754.0,0.9788668037468585,mask_area_below_min
000385,temporal_jump_reject,0.6318901181221008,9720.0,8817.0,0.9909266190314165,mask_area_below_min
000390,temporal_jump_reject,0.6317035555839539,9240.0,8749.0,0.982855183449537,mask_area_below_min
000395,temporal_jump_reject,0.6163756251335144,6545.0,5558.0,0.9998200791651674,mask_area_below_min;bbox_area_below_min
000400,temporal_jump_reject,0.5908727645874023,12444.0,11067.0,0.9727116653112858,
000405,temporal_jump_reject,0.6290551424026489,9296.0,8459.0,0.992434093864523,mask_area_below_min
000410,temporal_jump_reject,0.6282002925872803,10032.0,9043.0,0.9878358951675329,
000415,temporal_jump_reject,0.6248587965965271,9184.0,8828.0,0.9885591300407793,mask_area_below_min
000420,temporal_jump_reject,0.6279785633087158,9720.0,8815.0,0.9793533749290981,mask_area_below_min
000425,temporal_jump_reject,0.5613309741020203,9027.0,8608.0,0.9743262081784386,mask_area_below_min
000430,no_ism_candidate,0.6416594386100769,3172.0,2449.0,0.972233564720294,mask_area_below_min;bbox_area_below_min
000435,no_ism_candidate,0.6283389329910278,9075.0,8885.0,0.9698368036015756,mask_area_below_min
000440,no_ism_candidate,0.6346742510795593,9240.0,8968.0,0.9103479036574487,mask_area_below_min
000445,temporal_jump_reject,0.6106610298156738,8470.0,7927.0,0.899079096757916,mask_area_below_min;bbox_area_below_min
000450,no_ism_candidate,0.573011040687561,9322.0,8650.0,0.834335260115607,mask_area_below_min
000455,no_ism_candidate,0.564948558807373,9982.0,8978.0,0.8510804188015149,mask_area_below_min
000460,no_ism_candidate,0.5708248615264893,9360.0,8598.0,0.8293789253314724,mask_area_below_min
000465,no_ism_candidate,0.5819868445396423,8400.0,7909.0,0.8146415476039954,mask_area_below_min;bbox_area_below_min
000470,no_ism_candidate,0.5789512395858765,8816.0,7994.0,0.83562672004003,mask_area_below_min;bbox_area_below_min
000475,no_ism_candidate,0.5588181614875793,7700.0,6984.0,0.854381443298969,mask_area_below_min;bbox_area_below_min
000480,no_ism_candidate,0.5868452787399292,6732.0,5894.0,0.8839497794367153,mask_area_below_min;bbox_area_below_min
000485,no_ism_candidate,0.6024413704872131,6768.0,6288.0,0.9111005089058524,mask_area_below_min;bbox_area_below_min
000490,no_ism_candidate,0.5974589586257935,6256.0,5910.0,0.9467005076142132,mask_area_below_min;bbox_area_below_min
000495,no_ism_candidate,0.5575466156005859,7473.0,6785.0,0.8841562269712602,mask_area_below_min;bbox_area_below_min
000500,no_ism_candidate,0.5899903178215027,7395.0,6932.0,0.9373918061165609,mask_area_below_min;bbox_area_below_min
000505,no_ism_candidate,0.5886275768280029,6672.0,6235.0,0.95028067361668,mask_area_below_min;bbox_area_below_min
000510,no_ism_candidate,0.5708776712417603,7332.0,6532.0,0.793937538273117,mask_area_below_min;bbox_area_below_min;depth_valid_ratio_below_min
000515,no_ism_candidate,0.6097539067268372,6909.0,6189.0,0.942963322022944,mask_area_below_min;bbox_area_below_min
000520,no_ism_candidate,0.6145841479301453,7007.0,6583.0,0.9828345739024761,mask_area_below_min;bbox_area_below_min
000525,no_ism_candidate,0.6274530291557312,7592.0,6873.0,0.9903972064600611,mask_area_below_min;bbox_area_below_min
000530,no_ism_candidate,0.6322197914123535,7592.0,6751.0,0.9894830395496963,mask_area_below_min;bbox_area_below_min
000535,no_ism_candidate,0.6317926049232483,7344.0,6599.0,0.9880284891650251,mask_area_below_min;bbox_area_below_min
000540,no_ism_candidate,0.6245175004005432,6384.0,5803.0,0.9843184559710495,mask_area_below_min;bbox_area_below_min
000545,no_ism_candidate,0.6314528584480286,6116.0,5382.0,1.0,mask_area_below_min;bbox_area_below_min
000550,no_ism_candidate,0.6321877837181091,6160.0,5384.0,0.9986998514115899,mask_area_below_min;bbox_area_below_min
000555,no_ism_candidate,0.6241725087165833,3861.0,3581.0,1.0,mask_area_below_min;bbox_area_below_min
000560,no_ism_candidate,0.5717413425445557,3496.0,3209.0,0.9881583047678405,mask_area_below_min;bbox_area_below_min
000565,no_ism_candidate,0.6004678606987,7952.0,7285.0,0.9739190116678106,mask_area_below_min;bbox_area_below_min
000570,no_ism_candidate,0.5850443243980408,6370.0,5969.0,0.9916233875020941,mask_area_below_min;bbox_area_below_min
000575,no_ism_candidate,0.5748834013938904,4074.0,4111.0,1.0,mask_area_below_min;bbox_area_below_min
000580,no_ism_candidate,0.6056390404701233,4747.0,4241.0,0.9976420655505777,mask_area_below_min;bbox_area_below_min
000585,temporal_jump_reject,0.6232521533966064,7685.0,7015.0,0.9904490377761939,mask_area_below_min;bbox_area_below_min
000590,temporal_jump_reject,0.5676010251045227,10899.0,9916.0,0.972972972972973,
000595,temporal_jump_reject,0.6020551323890686,10168.0,9600.0,0.9784375,
000600,temporal_jump_reject,0.5657901167869568,11456.0,10705.0,0.9605791686127978,
000605,temporal_jump_reject,0.5978171229362488,3392.0,2603.0,0.9984633115635805,mask_area_below_min;bbox_area_below_min
000610,temporal_jump_reject,0.6223976612091064,10208.0,9564.0,0.9900669176076955,
000615,pose_confidence_score_below_min,0.6208308935165405,3520.0,2464.0,0.9951298701298701,mask_area_below_min;bbox_area_below_min
000620,pose_confidence_score_below_min,0.6220932006835938,8584.0,8016.0,0.9862774451097804,mask_area_below_min;bbox_area_below_min
000625,temporal_jump_reject,0.6205900311470032,10034.0,9148.0,0.9852426759947529,
000630,pose_confidence_score_below_min,0.5763224959373474,8493.0,7978.0,0.9862120832288794,mask_area_below_min;bbox_area_below_min
000635,pose_confidence_score_below_min,0.6165066361427307,8909.0,8516.0,0.9779239079379991,mask_area_below_min;bbox_area_below_min
000640,temporal_jump_reject,0.6062018871307373,3575.0,2640.0,0.9795454545454545,mask_area_below_min;bbox_area_below_min
000645,temporal_jump_reject,0.6084387898445129,8990.0,8496.0,0.9713983050847458,mask_area_below_min;bbox_area_below_min
000650,temporal_jump_reject,0.6149689555168152,9145.0,8520.0,0.992018779342723,mask_area_below_min
000655,temporal_jump_reject,0.6176541447639465,9240.0,8979.0,0.9788395144225415,mask_area_below_min
000660,temporal_jump_reject,0.61332768201828,11285.0,10943.0,0.9708489445307502,
000665,temporal_jump_reject,0.6137728095054626,9420.0,8794.0,0.9572435751648851,mask_area_below_min
000670,temporal_jump_reject,0.6188828945159912,9858.0,9079.0,0.9532988214561074,
000675,temporal_jump_reject,0.602731466293335,8906.0,8718.0,0.9540032117458133,mask_area_below_min;bbox_area_below_min
000680,temporal_jump_reject,0.6067604422569275,10560.0,9794.0,0.9505819889728405,
000685,no_ism_candidate,0.5684456825256348,9120.0,8675.0,0.9620749279538905,mask_area_below_min
000690,no_ism_candidate,0.5353841781616211,6240.0,6099.0,0.9365469749139204,final_score_below_min;mask_area_below_min;bbox_area_below_min
000695,no_ism_candidate,0.5680637955665588,5916.0,5783.0,0.943109112917171,mask_area_below_min;bbox_area_below_min
000700,no_ism_candidate,0.5788127779960632,5432.0,5310.0,0.9693032015065913,mask_area_below_min;bbox_area_below_min
000705,no_ism_candidate,0.5580970644950867,7728.0,7520.0,0.9405585106382979,mask_area_below_min;bbox_area_below_min
000710,no_ism_candidate,0.5742092132568359,7700.0,7455.0,0.9023474178403755,mask_area_below_min;bbox_area_below_min
000715,no_ism_candidate,0.5859564542770386,5885.0,5644.0,0.9681077250177179,mask_area_below_min;bbox_area_below_min
000720,no_ism_candidate,0.5872071385383606,5768.0,5639.0,0.9430750133002306,mask_area_below_min;bbox_area_below_min
000725,no_ism_candidate,0.5390723943710327,5775.0,5072.0,0.9753548895899053,final_score_below_min;mask_area_below_min;bbox_area_below_min
000730,no_ism_candidate,0.568962812423706,6441.0,6087.0,0.9406932807622803,mask_area_below_min;bbox_area_below_min
000735,no_ism_candidate,0.581235945224762,8721.0,8388.0,0.9541010968049595,mask_area_below_min;bbox_area_below_min
000740,no_ism_candidate,0.607485294342041,8151.0,7648.0,0.9603817991631799,mask_area_below_min;bbox_area_below_min
000745,temporal_jump_reject,0.6036370992660522,9048.0,8488.0,0.985626767200754,mask_area_below_min
000750,temporal_jump_reject,0.6184361577033997,10974.0,10129.0,0.9501431533221444,
000755,temporal_jump_reject,0.6126123666763306,11100.0,10259.0,0.9671507944244079,
000760,temporal_jump_reject,0.6415187120437622,7018.0,6516.0,0.9436771025168815,mask_area_below_min;bbox_area_below_min
000765,temporal_jump_reject,0.6185017824172974,8968.0,8253.0,0.9760087241003271,mask_area_below_min;bbox_area_below_min
000770,temporal_jump_reject,0.6558970808982849,6440.0,5877.0,0.9695422834779649,mask_area_below_min;bbox_area_below_min
000775,temporal_jump_reject,0.6100355982780457,8758.0,8514.0,0.9597134132017853,mask_area_below_min;bbox_area_below_min
000780,temporal_jump_reject,0.625078558921814,10620.0,9737.0,0.9533737290746637,
000785,temporal_jump_reject,0.64822918176651,3564.0,2631.0,0.9570505511212467,mask_area_below_min;bbox_area_below_min
000790,temporal_jump_reject,0.6616339087486267,3575.0,2660.0,0.9635338345864661,mask_area_below_min;bbox_area_below_min
000795,temporal_jump_reject,0.6486752033233643,3696.0,2864.0,0.9591480446927374,mask_area_below_min;bbox_area_below_min
000800,temporal_jump_reject,0.6569591164588928,3630.0,2635.0,0.9624288425047438,mask_area_below_min;bbox_area_below_min
000805,temporal_jump_reject,0.6370567083358765,3630.0,2800.0,0.9603571428571429,mask_area_below_min;bbox_area_below_min
000810,temporal_jump_reject,0.6312342882156372,3564.0,2689.0,0.9728523614726664,mask_area_below_min;bbox_area_below_min
000815,temporal_jump_reject,0.6218274831771851,3510.0,2601.0,0.972318339100346,mask_area_below_min;bbox_area_below_min
000820,temporal_jump_reject,0.629605770111084,10203.0,10151.0,0.9732046103832135,
000825,temporal_jump_reject,0.6322855353355408,3520.0,2639.0,0.9806744979158772,mask_area_below_min;bbox_area_below_min
000830,temporal_jump_reject,0.648675262928009,3575.0,2622.0,0.9786422578184591,mask_area_below_min;bbox_area_below_min
000835,temporal_jump_reject,0.6332847476005554,3520.0,2644.0,0.9735249621785174,mask_area_below_min;bbox_area_below_min
000840,temporal_jump_reject,0.6323001980781555,3520.0,2637.0,0.9783845278725825,mask_area_below_min;bbox_area_below_min
000845,temporal_jump_reject,0.6438588500022888,3520.0,2640.0,0.9742424242424242,mask_area_below_min;bbox_area_below_min
000850,temporal_jump_reject,0.629548192024231,10440.0,10098.0,0.9738562091503268,
000855,temporal_jump_reject,0.6363621950149536,3520.0,2638.0,0.9787717968157695,mask_area_below_min;bbox_area_below_min
000860,temporal_jump_reject,0.6370474100112915,3520.0,2646.0,0.9765684051398337,mask_area_below_min;bbox_area_below_min
