bbox_height,bbox_width,empty,grayscale_like,mask,object_area_ratio,resolution,rgb,rgb_mean,rgb_std,template,unique_colors,view
124,130,False,False,/home/etri/CLI_environment/sam6d_ws/template/sauce_mm/vertex_160000/Sauce_with_normal_vertexcolor_mm/templates/mask_0.png,0.047394,512x512,/home/etri/CLI_environment/sam6d_ws/template/sauce_mm/vertex_160000/Sauce_with_normal_vertexcolor_mm/templates/rgb_0.png,"[119.798, 126.035, 121.604]","[29.238, 27.531, 30.282]",sauce_vertex_160000_ply_mm,2053,0
249,126,False,False,/home/etri/CLI_environment/sam6d_ws/template/sauce_mm/vertex_160000/Sauce_with_normal_vertexcolor_mm/templates/mask_1.png,0.100178,512x512,/home/etri/CLI_environment/sam6d_ws/template/sauce_mm/vertex_160000/Sauce_with_normal_vertexcolor_mm/templates/rgb_1.png,"[103.819, 91.679, 74.136]","[55.94, 42.615, 50.737]",sauce_vertex_160000_ply_mm,8123,1
249,126,False,False,/home/etri/CLI_environment/sam6d_ws/template/sauce_mm/vertex_160000/Sauce_with_normal_vertexcolor_mm/templates/mask_2.png,0.100018,512x512,/home/etri/CLI_environment/sam6d_ws/template/sauce_mm/vertex_160000/Sauce_with_normal_vertexcolor_mm/templates/rgb_2.png,"[106.022, 94.104, 76.336]","[56.665, 42.782, 50.442]",sauce_vertex_160000_ply_mm,7819,2
257,121,False,False,/home/etri/CLI_environment/sam6d_ws/template/sauce_mm/vertex_160000/Sauce_with_normal_vertexcolor_mm/templates/mask_3.png,0.095650,512x512,/home/etri/CLI_environment/sam6d_ws/template/sauce_mm/vertex_160000/Sauce_with_normal_vertexcolor_mm/templates/rgb_3.png,"[103.056, 93.374, 76.542]","[56.019, 40.455, 48.349]",sauce_vertex_160000_ply_mm,7963,3
257,120,False,False,/home/etri/CLI_environment/sam6d_ws/template/sauce_mm/vertex_160000/Sauce_with_normal_vertexcolor_mm/templates/mask_4.png,0.095581,512x512,/home/etri/CLI_environment/sam6d_ws/template/sauce_mm/vertex_160000/Sauce_with_normal_vertexcolor_mm/templates/rgb_4.png,"[101.055, 91.531, 75.061]","[55.023, 40.554, 49.002]",sauce_vertex_160000_ply_mm,8200,4
258,120,False,False,/home/etri/CLI_environment/sam6d_ws/template/sauce_mm/vertex_160000/Sauce_with_normal_vertexcolor_mm/templates/mask_5.png,0.091503,512x512,/home/etri/CLI_environment/sam6d_ws/template/sauce_mm/vertex_160000/Sauce_with_normal_vertexcolor_mm/templates/rgb_5.png,"[95.797, 82.607, 62.913]","[53.77, 36.395, 43.534]",sauce_vertex_160000_ply_mm,5833,5
315,122,False,False,/home/etri/CLI_environment/sam6d_ws/template/sauce_mm/vertex_160000/Sauce_with_normal_vertexcolor_mm/templates/mask_6.png,0.128712,512x512,/home/etri/CLI_environment/sam6d_ws/template/sauce_mm/vertex_160000/Sauce_with_normal_vertexcolor_mm/templates/rgb_6.png,"[140.252, 119.369, 98.072]","[58.874, 51.294, 63.262]",sauce_vertex_160000_ply_mm,11648,6
315,122,False,False,/home/etri/CLI_environment/sam6d_ws/template/sauce_mm/vertex_160000/Sauce_with_normal_vertexcolor_mm/templates/mask_7.png,0.128925,512x512,/home/etri/CLI_environment/sam6d_ws/template/sauce_mm/vertex_160000/Sauce_with_normal_vertexcolor_mm/templates/rgb_7.png,"[134.887, 114.173, 93.193]","[59.271, 52.603, 65.02]",sauce_vertex_160000_ply_mm,11492,7
321,116,False,False,/home/etri/CLI_environment/sam6d_ws/template/sauce_mm/vertex_160000/Sauce_with_normal_vertexcolor_mm/templates/mask_8.png,0.120003,512x512,/home/etri/CLI_environment/sam6d_ws/template/sauce_mm/vertex_160000/Sauce_with_normal_vertexcolor_mm/templates/rgb_8.png,"[128.81, 105.042, 81.288]","[58.91, 49.38, 60.639]",sauce_vertex_160000_ply_mm,8779,8
321,117,False,False,/home/etri/CLI_environment/sam6d_ws/template/sauce_mm/vertex_160000/Sauce_with_normal_vertexcolor_mm/templates/mask_9.png,0.120026,512x512,/home/etri/CLI_environment/sam6d_ws/template/sauce_mm/vertex_160000/Sauce_with_normal_vertexcolor_mm/templates/rgb_9.png,"[130.497, 107.063, 83.398]","[59.128, 49.75, 60.859]",sauce_vertex_160000_ply_mm,8789,9
322,114,False,False,/home/etri/CLI_environment/sam6d_ws/template/sauce_mm/vertex_160000/Sauce_with_normal_vertexcolor_mm/templates/mask_10.png,0.111061,512x512,/home/etri/CLI_environment/sam6d_ws/template/sauce_mm/vertex_160000/Sauce_with_normal_vertexcolor_mm/templates/rgb_10.png,"[130.133, 111.862, 91.608]","[60.39, 50.159, 61.867]",sauce_vertex_160000_ply_mm,9630,10
321,121,False,False,/home/etri/CLI_environment/sam6d_ws/template/sauce_mm/vertex_160000/Sauce_with_normal_vertexcolor_mm/templates/mask_11.png,0.131809,512x512,/home/etri/CLI_environment/sam6d_ws/template/sauce_mm/vertex_160000/Sauce_with_normal_vertexcolor_mm/templates/rgb_11.png,"[140.875, 117.413, 94.883]","[58.199, 53.42, 66.625]",sauce_vertex_160000_ply_mm,10886,11
320,121,False,False,/home/etri/CLI_environment/sam6d_ws/template/sauce_mm/vertex_160000/Sauce_with_normal_vertexcolor_mm/templates/mask_12.png,0.131672,512x512,/home/etri/CLI_environment/sam6d_ws/template/sauce_mm/vertex_160000/Sauce_with_normal_vertexcolor_mm/templates/rgb_12.png,"[145.349, 121.842, 98.996]","[57.444, 52.26, 65.396]",sauce_vertex_160000_ply_mm,10978,12
326,115,False,False,/home/etri/CLI_environment/sam6d_ws/template/sauce_mm/vertex_160000/Sauce_with_normal_vertexcolor_mm/templates/mask_13.png,0.122303,512x512,/home/etri/CLI_environment/sam6d_ws/template/sauce_mm/vertex_160000/Sauce_with_normal_vertexcolor_mm/templates/rgb_13.png,"[141.293, 121.191, 100.944]","[57.218, 49.809, 61.952]",sauce_vertex_160000_ply_mm,11399,13
326,116,False,False,/home/etri/CLI_environment/sam6d_ws/template/sauce_mm/vertex_160000/Sauce_with_normal_vertexcolor_mm/templates/mask_14.png,0.122318,512x512,/home/etri/CLI_environment/sam6d_ws/template/sauce_mm/vertex_160000/Sauce_with_normal_vertexcolor_mm/templates/rgb_14.png,"[136.763, 116.969, 96.793]","[57.771, 50.869, 63.319]",sauce_vertex_160000_ply_mm,11497,14
327,112,False,False,/home/etri/CLI_environment/sam6d_ws/template/sauce_mm/vertex_160000/Sauce_with_normal_vertexcolor_mm/templates/mask_15.png,0.112495,512x512,/home/etri/CLI_environment/sam6d_ws/template/sauce_mm/vertex_160000/Sauce_with_normal_vertexcolor_mm/templates/rgb_15.png,"[130.801, 104.391, 78.6]","[57.17, 47.406, 59.648]",sauce_vertex_160000_ply_mm,6879,15
335,121,False,False,/home/etri/CLI_environment/sam6d_ws/template/sauce_mm/vertex_160000/Sauce_with_normal_vertexcolor_mm/templates/mask_16.png,0.134720,512x512,/home/etri/CLI_environment/sam6d_ws/template/sauce_mm/vertex_160000/Sauce_with_normal_vertexcolor_mm/templates/rgb_16.png,"[156.769, 132.148, 111.523]","[52.1, 53.972, 68.012]",sauce_vertex_160000_ply_mm,10628,16
336,108,False,False,/home/etri/CLI_environment/sam6d_ws/template/sauce_mm/vertex_160000/Sauce_with_normal_vertexcolor_mm/templates/mask_17.png,0.119236,512x512,/home/etri/CLI_environment/sam6d_ws/template/sauce_mm/vertex_160000/Sauce_with_normal_vertexcolor_mm/templates/rgb_17.png,"[150.869, 123.967, 101.32]","[50.791, 51.002, 65.846]",sauce_vertex_160000_ply_mm,7821,17
336,108,False,False,/home/etri/CLI_environment/sam6d_ws/template/sauce_mm/vertex_160000/Sauce_with_normal_vertexcolor_mm/templates/mask_18.png,0.119530,512x512,/home/etri/CLI_environment/sam6d_ws/template/sauce_mm/vertex_160000/Sauce_with_normal_vertexcolor_mm/templates/rgb_18.png,"[152.059, 124.955, 102.009]","[50.404, 51.129, 66.186]",sauce_vertex_160000_ply_mm,8014,18
335,122,False,False,/home/etri/CLI_environment/sam6d_ws/template/sauce_mm/vertex_160000/Sauce_with_normal_vertexcolor_mm/templates/mask_19.png,0.134743,512x512,/home/etri/CLI_environment/sam6d_ws/template/sauce_mm/vertex_160000/Sauce_with_normal_vertexcolor_mm/templates/rgb_19.png,"[160.708, 135.979, 114.98]","[50.235, 52.349, 66.768]",sauce_vertex_160000_ply_mm,11054,19
333,124,False,False,/home/etri/CLI_environment/sam6d_ws/template/sauce_mm/vertex_160000/Sauce_with_normal_vertexcolor_mm/templates/mask_20.png,0.140266,512x512,/home/etri/CLI_environment/sam6d_ws/template/sauce_mm/vertex_160000/Sauce_with_normal_vertexcolor_mm/templates/rgb_20.png,"[167.745, 144.043, 123.645]","[47.745, 51.294, 67.411]",sauce_vertex_160000_ply_mm,11344,20
335,122,False,False,/home/etri/CLI_environment/sam6d_ws/template/sauce_mm/vertex_160000/Sauce_with_normal_vertexcolor_mm/templates/mask_21.png,0.134735,512x512,/home/etri/CLI_environment/sam6d_ws/template/sauce_mm/vertex_160000/Sauce_with_normal_vertexcolor_mm/templates/rgb_21.png,"[163.899, 142.272, 123.643]","[47.925, 48.915, 63.232]",sauce_vertex_160000_ply_mm,12654,21
336,108,False,False,/home/etri/CLI_environment/sam6d_ws/template/sauce_mm/vertex_160000/Sauce_with_normal_vertexcolor_mm/templates/mask_22.png,0.119522,512x512,/home/etri/CLI_environment/sam6d_ws/template/sauce_mm/vertex_160000/Sauce_with_normal_vertexcolor_mm/templates/rgb_22.png,"[158.122, 136.436, 116.808]","[50.184, 51.145, 67.076]",sauce_vertex_160000_ply_mm,10589,22
336,108,False,False,/home/etri/CLI_environment/sam6d_ws/template/sauce_mm/vertex_160000/Sauce_with_normal_vertexcolor_mm/templates/mask_23.png,0.119240,512x512,/home/etri/CLI_environment/sam6d_ws/template/sauce_mm/vertex_160000/Sauce_with_normal_vertexcolor_mm/templates/rgb_23.png,"[154.748, 133.827, 115.039]","[51.742, 52.215, 67.058]",sauce_vertex_160000_ply_mm,11028,23
335,121,False,False,/home/etri/CLI_environment/sam6d_ws/template/sauce_mm/vertex_160000/Sauce_with_normal_vertexcolor_mm/templates/mask_24.png,0.134708,512x512,/home/etri/CLI_environment/sam6d_ws/template/sauce_mm/vertex_160000/Sauce_with_normal_vertexcolor_mm/templates/rgb_24.png,"[158.464, 137.024, 118.419]","[49.67, 51.127, 65.74]",sauce_vertex_160000_ply_mm,12426,24
333,126,False,False,/home/etri/CLI_environment/sam6d_ws/template/sauce_mm/vertex_160000/Sauce_with_normal_vertexcolor_mm/templates/mask_25.png,0.140343,512x512,/home/etri/CLI_environment/sam6d_ws/template/sauce_mm/vertex_160000/Sauce_with_normal_vertexcolor_mm/templates/rgb_25.png,"[162.133, 139.225, 119.782]","[50.371, 53.687, 69.059]",sauce_vertex_160000_ply_mm,11379,25
323,104,False,False,/home/etri/CLI_environment/sam6d_ws/template/sauce_mm/vertex_160000/Sauce_with_normal_vertexcolor_mm/templates/mask_26.png,0.109684,512x512,/home/etri/CLI_environment/sam6d_ws/template/sauce_mm/vertex_160000/Sauce_with_normal_vertexcolor_mm/templates/rgb_26.png,"[158.358, 139.195, 121.983]","[50.508, 55.044, 71.464]",sauce_vertex_160000_ply_mm,8587,26
322,124,False,False,/home/etri/CLI_environment/sam6d_ws/template/sauce_mm/vertex_160000/Sauce_with_normal_vertexcolor_mm/templates/mask_27.png,0.122448,512x512,/home/etri/CLI_environment/sam6d_ws/template/sauce_mm/vertex_160000/Sauce_with_normal_vertexcolor_mm/templates/rgb_27.png,"[155.489, 131.721, 111.764]","[50.568, 57.005, 73.489]",sauce_vertex_160000_ply_mm,7916,27
322,124,False,False,/home/etri/CLI_environment/sam6d_ws/template/sauce_mm/vertex_160000/Sauce_with_normal_vertexcolor_mm/templates/mask_28.png,0.122501,512x512,/home/etri/CLI_environment/sam6d_ws/template/sauce_mm/vertex_160000/Sauce_with_normal_vertexcolor_mm/templates/rgb_28.png,"[158.243, 134.403, 114.328]","[49.075, 55.688, 72.264]",sauce_vertex_160000_ply_mm,8427,28
320,137,False,False,/home/etri/CLI_environment/sam6d_ws/template/sauce_mm/vertex_160000/Sauce_with_normal_vertexcolor_mm/templates/mask_29.png,0.133842,512x512,/home/etri/CLI_environment/sam6d_ws/template/sauce_mm/vertex_160000/Sauce_with_normal_vertexcolor_mm/templates/rgb_29.png,"[168.058, 146.977, 128.967]","[45.086, 51.148, 67.745]",sauce_vertex_160000_ply_mm,11120,29
320,136,False,False,/home/etri/CLI_environment/sam6d_ws/template/sauce_mm/vertex_160000/Sauce_with_normal_vertexcolor_mm/templates/mask_30.png,0.133919,512x512,/home/etri/CLI_environment/sam6d_ws/template/sauce_mm/vertex_160000/Sauce_with_normal_vertexcolor_mm/templates/rgb_30.png,"[162.02, 141.439, 123.682]","[48.897, 55.022, 71.47]",sauce_vertex_160000_ply_mm,10474,30
317,106,False,False,/home/etri/CLI_environment/sam6d_ws/template/sauce_mm/vertex_160000/Sauce_with_normal_vertexcolor_mm/templates/mask_31.png,0.108086,512x512,/home/etri/CLI_environment/sam6d_ws/template/sauce_mm/vertex_160000/Sauce_with_normal_vertexcolor_mm/templates/rgb_31.png,"[154.189, 129.927, 109.801]","[50.343, 58.615, 76.05]",sauce_vertex_160000_ply_mm,5681,31
317,126,False,False,/home/etri/CLI_environment/sam6d_ws/template/sauce_mm/vertex_160000/Sauce_with_normal_vertexcolor_mm/templates/mask_32.png,0.120270,512x512,/home/etri/CLI_environment/sam6d_ws/template/sauce_mm/vertex_160000/Sauce_with_normal_vertexcolor_mm/templates/rgb_32.png,"[163.854, 145.165, 129.288]","[45.326, 51.393, 67.193]",sauce_vertex_160000_ply_mm,10013,32
317,126,False,False,/home/etri/CLI_environment/sam6d_ws/template/sauce_mm/vertex_160000/Sauce_with_normal_vertexcolor_mm/templates/mask_33.png,0.120213,512x512,/home/etri/CLI_environment/sam6d_ws/template/sauce_mm/vertex_160000/Sauce_with_normal_vertexcolor_mm/templates/rgb_33.png,"[159.048, 140.897, 124.996]","[48.377, 54.156, 70.026]",sauce_vertex_160000_ply_mm,9693,33
314,140,False,False,/home/etri/CLI_environment/sam6d_ws/template/sauce_mm/vertex_160000/Sauce_with_normal_vertexcolor_mm/templates/mask_34.png,0.131386,512x512,/home/etri/CLI_environment/sam6d_ws/template/sauce_mm/vertex_160000/Sauce_with_normal_vertexcolor_mm/templates/rgb_34.png,"[162.457, 141.34, 123.278]","[48.807, 56.554, 73.694]",sauce_vertex_160000_ply_mm,9013,34
314,139,False,False,/home/etri/CLI_environment/sam6d_ws/template/sauce_mm/vertex_160000/Sauce_with_normal_vertexcolor_mm/templates/mask_35.png,0.131275,512x512,/home/etri/CLI_environment/sam6d_ws/template/sauce_mm/vertex_160000/Sauce_with_normal_vertexcolor_mm/templates/rgb_35.png,"[167.684, 146.094, 127.873]","[44.737, 52.812, 70.073]",sauce_vertex_160000_ply_mm,9843,35
257,114,False,False,/home/etri/CLI_environment/sam6d_ws/template/sauce_mm/vertex_160000/Sauce_with_normal_vertexcolor_mm/templates/mask_36.png,0.090687,512x512,/home/etri/CLI_environment/sam6d_ws/template/sauce_mm/vertex_160000/Sauce_with_normal_vertexcolor_mm/templates/rgb_36.png,"[171.813, 160.713, 152.583]","[45.345, 55.776, 67.183]",sauce_vertex_160000_ply_mm,5273,36
256,137,False,False,/home/etri/CLI_environment/sam6d_ws/template/sauce_mm/vertex_160000/Sauce_with_normal_vertexcolor_mm/templates/mask_37.png,0.097496,512x512,/home/etri/CLI_environment/sam6d_ws/template/sauce_mm/vertex_160000/Sauce_with_normal_vertexcolor_mm/templates/rgb_37.png,"[168.203, 154.292, 144.373]","[47.469, 60.179, 73.158]",sauce_vertex_160000_ply_mm,4882,37
256,137,False,False,/home/etri/CLI_environment/sam6d_ws/template/sauce_mm/vertex_160000/Sauce_with_normal_vertexcolor_mm/templates/mask_38.png,0.097534,512x512,/home/etri/CLI_environment/sam6d_ws/template/sauce_mm/vertex_160000/Sauce_with_normal_vertexcolor_mm/templates/rgb_38.png,"[170.279, 155.959, 145.687]","[45.049, 58.143, 71.48]",sauce_vertex_160000_ply_mm,5116,38
248,150,False,False,/home/etri/CLI_environment/sam6d_ws/template/sauce_mm/vertex_160000/Sauce_with_normal_vertexcolor_mm/templates/mask_39.png,0.104771,512x512,/home/etri/CLI_environment/sam6d_ws/template/sauce_mm/vertex_160000/Sauce_with_normal_vertexcolor_mm/templates/rgb_39.png,"[174.418, 160.674, 150.624]","[39.53, 51.882, 65.154]",sauce_vertex_160000_ply_mm,6903,39
248,150,False,False,/home/etri/CLI_environment/sam6d_ws/template/sauce_mm/vertex_160000/Sauce_with_normal_vertexcolor_mm/templates/mask_40.png,0.104763,512x512,/home/etri/CLI_environment/sam6d_ws/template/sauce_mm/vertex_160000/Sauce_with_normal_vertexcolor_mm/templates/rgb_40.png,"[169.952, 157.029, 147.436]","[45.343, 56.752, 69.389]",sauce_vertex_160000_ply_mm,6428,40
118,154,False,True,/home/etri/CLI_environment/sam6d_ws/template/sauce_mm/vertex_160000/Sauce_with_normal_vertexcolor_mm/templates/mask_41.png,0.058655,512x512,/home/etri/CLI_environment/sam6d_ws/template/sauce_mm/vertex_160000/Sauce_with_normal_vertexcolor_mm/templates/rgb_41.png,"[211.983, 211.604, 211.147]","[10.567, 10.76, 11.015]",sauce_vertex_160000_ply_mm,264,41
124,130,False,False,/home/etri/CLI_environment/sam6d_ws/template/sauce_mm/vertex_630000/Sauce_with_normal_vertexcolor_mm/templates/mask_0.png,0.047386,512x512,/home/etri/CLI_environment/sam6d_ws/template/sauce_mm/vertex_630000/Sauce_with_normal_vertexcolor_mm/templates/rgb_0.png,"[119.785, 125.974, 121.57]","[29.236, 27.572, 30.31]",sauce_vertex_630000_ply_mm,2065,0
249,126,False,False,/home/etri/CLI_environment/sam6d_ws/template/sauce_mm/vertex_630000/Sauce_with_normal_vertexcolor_mm/templates/mask_1.png,0.100170,512x512,/home/etri/CLI_environment/sam6d_ws/template/sauce_mm/vertex_630000/Sauce_with_normal_vertexcolor_mm/templates/rgb_1.png,"[103.741, 91.45, 73.803]","[56.004, 42.679, 50.818]",sauce_vertex_630000_ply_mm,7999,1
249,126,False,False,/home/etri/CLI_environment/sam6d_ws/template/sauce_mm/vertex_630000/Sauce_with_normal_vertexcolor_mm/templates/mask_2.png,0.100006,512x512,/home/etri/CLI_environment/sam6d_ws/template/sauce_mm/vertex_630000/Sauce_with_normal_vertexcolor_mm/templates/rgb_2.png,"[105.911, 93.764, 75.928]","[56.543, 42.364, 49.997]",sauce_vertex_630000_ply_mm,7559,2
257,121,False,False,/home/etri/CLI_environment/sam6d_ws/template/sauce_mm/vertex_630000/Sauce_with_normal_vertexcolor_mm/templates/mask_3.png,0.095623,512x512,/home/etri/CLI_environment/sam6d_ws/template/sauce_mm/vertex_630000/Sauce_with_normal_vertexcolor_mm/templates/rgb_3.png,"[102.968, 93.146, 76.272]","[55.891, 40.117, 48.117]",sauce_vertex_630000_ply_mm,7708,3
257,120,False,False,/home/etri/CLI_environment/sam6d_ws/template/sauce_mm/vertex_630000/Sauce_with_normal_vertexcolor_mm/templates/mask_4.png,0.095566,512x512,/home/etri/CLI_environment/sam6d_ws/template/sauce_mm/vertex_630000/Sauce_with_normal_vertexcolor_mm/templates/rgb_4.png,"[101.038, 91.464, 74.964]","[55.058, 40.546, 49.029]",sauce_vertex_630000_ply_mm,8039,4
258,120,False,False,/home/etri/CLI_environment/sam6d_ws/template/sauce_mm/vertex_630000/Sauce_with_normal_vertexcolor_mm/templates/mask_5.png,0.091473,512x512,/home/etri/CLI_environment/sam6d_ws/template/sauce_mm/vertex_630000/Sauce_with_normal_vertexcolor_mm/templates/rgb_5.png,"[95.759, 82.411, 62.643]","[53.782, 36.339, 43.496]",sauce_vertex_630000_ply_mm,5776,5
315,122,False,False,/home/etri/CLI_environment/sam6d_ws/template/sauce_mm/vertex_630000/Sauce_with_normal_vertexcolor_mm/templates/mask_6.png,0.128689,512x512,/home/etri/CLI_environment/sam6d_ws/template/sauce_mm/vertex_630000/Sauce_with_normal_vertexcolor_mm/templates/rgb_6.png,"[140.179, 119.371, 98.214]","[58.737, 50.682, 62.426]",sauce_vertex_630000_ply_mm,10841,6
315,122,False,False,/home/etri/CLI_environment/sam6d_ws/template/sauce_mm/vertex_630000/Sauce_with_normal_vertexcolor_mm/templates/mask_7.png,0.128914,512x512,/home/etri/CLI_environment/sam6d_ws/template/sauce_mm/vertex_630000/Sauce_with_normal_vertexcolor_mm/templates/rgb_7.png,"[134.724, 113.879, 92.724]","[59.426, 52.728, 65.147]",sauce_vertex_630000_ply_mm,11112,7
321,116,False,False,/home/etri/CLI_environment/sam6d_ws/template/sauce_mm/vertex_630000/Sauce_with_normal_vertexcolor_mm/templates/mask_8.png,0.119968,512x512,/home/etri/CLI_environment/sam6d_ws/template/sauce_mm/vertex_630000/Sauce_with_normal_vertexcolor_mm/templates/rgb_8.png,"[128.789, 104.893, 81.021]","[58.928, 49.38, 60.674]",sauce_vertex_630000_ply_mm,8635,8
321,117,False,False,/home/etri/CLI_environment/sam6d_ws/template/sauce_mm/vertex_630000/Sauce_with_normal_vertexcolor_mm/templates/mask_9.png,0.120007,512x512,/home/etri/CLI_environment/sam6d_ws/template/sauce_mm/vertex_630000/Sauce_with_normal_vertexcolor_mm/templates/rgb_9.png,"[130.453, 106.821, 83.046]","[59.006, 49.319, 60.417]",sauce_vertex_630000_ply_mm,8450,9
322,114,False,False,/home/etri/CLI_environment/sam6d_ws/template/sauce_mm/vertex_630000/Sauce_with_normal_vertexcolor_mm/templates/mask_10.png,0.111042,512x512,/home/etri/CLI_environment/sam6d_ws/template/sauce_mm/vertex_630000/Sauce_with_normal_vertexcolor_mm/templates/rgb_10.png,"[130.239, 111.982, 91.692]","[60.258, 49.919, 61.731]",sauce_vertex_630000_ply_mm,9206,10
321,121,False,False,/home/etri/CLI_environment/sam6d_ws/template/sauce_mm/vertex_630000/Sauce_with_normal_vertexcolor_mm/templates/mask_11.png,0.131775,512x512,/home/etri/CLI_environment/sam6d_ws/template/sauce_mm/vertex_630000/Sauce_with_normal_vertexcolor_mm/templates/rgb_11.png,"[140.734, 117.096, 94.348]","[58.332, 53.534, 66.785]",sauce_vertex_630000_ply_mm,10546,11
320,121,False,False,/home/etri/CLI_environment/sam6d_ws/template/sauce_mm/vertex_630000/Sauce_with_normal_vertexcolor_mm/templates/mask_12.png,0.131634,512x512,/home/etri/CLI_environment/sam6d_ws/template/sauce_mm/vertex_630000/Sauce_with_normal_vertexcolor_mm/templates/rgb_12.png,"[145.289, 121.765, 99.014]","[57.292, 51.658, 64.567]",sauce_vertex_630000_ply_mm,10273,12
326,115,False,False,/home/etri/CLI_environment/sam6d_ws/template/sauce_mm/vertex_630000/Sauce_with_normal_vertexcolor_mm/templates/mask_13.png,0.122269,512x512,/home/etri/CLI_environment/sam6d_ws/template/sauce_mm/vertex_630000/Sauce_with_normal_vertexcolor_mm/templates/rgb_13.png,"[141.353, 121.301, 101.105]","[56.984, 49.163, 61.282]",sauce_vertex_630000_ply_mm,10845,13
326,116,False,False,/home/etri/CLI_environment/sam6d_ws/template/sauce_mm/vertex_630000/Sauce_with_normal_vertexcolor_mm/templates/mask_14.png,0.122288,512x512,/home/etri/CLI_environment/sam6d_ws/template/sauce_mm/vertex_630000/Sauce_with_normal_vertexcolor_mm/templates/rgb_14.png,"[136.79, 117.007, 96.778]","[57.804, 50.82, 63.31]",sauce_vertex_630000_ply_mm,11062,14
327,112,False,False,/home/etri/CLI_environment/sam6d_ws/template/sauce_mm/vertex_630000/Sauce_with_normal_vertexcolor_mm/templates/mask_15.png,0.112457,512x512,/home/etri/CLI_environment/sam6d_ws/template/sauce_mm/vertex_630000/Sauce_with_normal_vertexcolor_mm/templates/rgb_15.png,"[130.775, 104.157, 78.219]","[57.137, 47.314, 59.603]",sauce_vertex_630000_ply_mm,6736,15
335,121,False,False,/home/etri/CLI_environment/sam6d_ws/template/sauce_mm/vertex_630000/Sauce_with_normal_vertexcolor_mm/templates/mask_16.png,0.134701,512x512,/home/etri/CLI_environment/sam6d_ws/template/sauce_mm/vertex_630000/Sauce_with_normal_vertexcolor_mm/templates/rgb_16.png,"[156.626, 131.86, 111.065]","[52.273, 54.126, 68.221]",sauce_vertex_630000_ply_mm,10292,16
336,108,False,False,/home/etri/CLI_environment/sam6d_ws/template/sauce_mm/vertex_630000/Sauce_with_normal_vertexcolor_mm/templates/mask_17.png,0.119213,512x512,/home/etri/CLI_environment/sam6d_ws/template/sauce_mm/vertex_630000/Sauce_with_normal_vertexcolor_mm/templates/rgb_17.png,"[150.807, 123.744, 100.984]","[50.838, 51.087, 65.974]",sauce_vertex_630000_ply_mm,7632,17
336,108,False,False,/home/etri/CLI_environment/sam6d_ws/template/sauce_mm/vertex_630000/Sauce_with_normal_vertexcolor_mm/templates/mask_18.png,0.119514,512x512,/home/etri/CLI_environment/sam6d_ws/template/sauce_mm/vertex_630000/Sauce_with_normal_vertexcolor_mm/templates/rgb_18.png,"[152.0, 124.674, 101.571]","[50.341, 50.93, 66.062]",sauce_vertex_630000_ply_mm,7730,18
335,122,False,False,/home/etri/CLI_environment/sam6d_ws/template/sauce_mm/vertex_630000/Sauce_with_normal_vertexcolor_mm/templates/mask_19.png,0.134716,512x512,/home/etri/CLI_environment/sam6d_ws/template/sauce_mm/vertex_630000/Sauce_with_normal_vertexcolor_mm/templates/rgb_19.png,"[160.684, 135.972, 115.09]","[50.097, 51.795, 65.993]",sauce_vertex_630000_ply_mm,10394,19
333,124,False,False,/home/etri/CLI_environment/sam6d_ws/template/sauce_mm/vertex_630000/Sauce_with_normal_vertexcolor_mm/templates/mask_20.png,0.140251,512x512,/home/etri/CLI_environment/sam6d_ws/template/sauce_mm/vertex_630000/Sauce_with_normal_vertexcolor_mm/templates/rgb_20.png,"[167.674, 143.995, 123.603]","[47.632, 50.874, 67.004]",sauce_vertex_630000_ply_mm,10040,20
335,122,False,False,/home/etri/CLI_environment/sam6d_ws/template/sauce_mm/vertex_630000/Sauce_with_normal_vertexcolor_mm/templates/mask_21.png,0.134705,512x512,/home/etri/CLI_environment/sam6d_ws/template/sauce_mm/vertex_630000/Sauce_with_normal_vertexcolor_mm/templates/rgb_21.png,"[163.907, 142.451, 124.008]","[47.703, 48.188, 62.308]",sauce_vertex_630000_ply_mm,11805,21
336,108,False,False,/home/etri/CLI_environment/sam6d_ws/template/sauce_mm/vertex_630000/Sauce_with_normal_vertexcolor_mm/templates/mask_22.png,0.119511,512x512,/home/etri/CLI_environment/sam6d_ws/template/sauce_mm/vertex_630000/Sauce_with_normal_vertexcolor_mm/templates/rgb_22.png,"[158.191, 136.572, 116.951]","[49.981, 50.698, 66.674]",sauce_vertex_630000_ply_mm,10141,22
336,108,False,False,/home/etri/CLI_environment/sam6d_ws/template/sauce_mm/vertex_630000/Sauce_with_normal_vertexcolor_mm/templates/mask_23.png,0.119217,512x512,/home/etri/CLI_environment/sam6d_ws/template/sauce_mm/vertex_630000/Sauce_with_normal_vertexcolor_mm/templates/rgb_23.png,"[154.827, 133.937, 115.063]","[51.737, 52.165, 67.151]",sauce_vertex_630000_ply_mm,10575,23
335,121,False,False,/home/etri/CLI_environment/sam6d_ws/template/sauce_mm/vertex_630000/Sauce_with_normal_vertexcolor_mm/templates/mask_24.png,0.134686,512x512,/home/etri/CLI_environment/sam6d_ws/template/sauce_mm/vertex_630000/Sauce_with_normal_vertexcolor_mm/templates/rgb_24.png,"[158.337, 136.852, 118.123]","[49.884, 51.244, 65.885]",sauce_vertex_630000_ply_mm,12059,24
333,126,False,False,/home/etri/CLI_environment/sam6d_ws/template/sauce_mm/vertex_630000/Sauce_with_normal_vertexcolor_mm/templates/mask_25.png,0.140297,512x512,/home/etri/CLI_environment/sam6d_ws/template/sauce_mm/vertex_630000/Sauce_with_normal_vertexcolor_mm/templates/rgb_25.png,"[161.943, 138.911, 119.322]","[50.583, 53.831, 69.201]",sauce_vertex_630000_ply_mm,11076,25
322,104,False,False,/home/etri/CLI_environment/sam6d_ws/template/sauce_mm/vertex_630000/Sauce_with_normal_vertexcolor_mm/templates/mask_26.png,0.109650,512x512,/home/etri/CLI_environment/sam6d_ws/template/sauce_mm/vertex_630000/Sauce_with_normal_vertexcolor_mm/templates/rgb_26.png,"[158.472, 139.386, 122.186]","[50.356, 54.729, 71.223]",sauce_vertex_630000_ply_mm,8194,26
322,124,False,False,/home/etri/CLI_environment/sam6d_ws/template/sauce_mm/vertex_630000/Sauce_with_normal_vertexcolor_mm/templates/mask_27.png,0.122391,512x512,/home/etri/CLI_environment/sam6d_ws/template/sauce_mm/vertex_630000/Sauce_with_normal_vertexcolor_mm/templates/rgb_27.png,"[155.424, 131.558, 111.487]","[50.68, 57.13, 73.66]",sauce_vertex_630000_ply_mm,7657,27
322,124,False,False,/home/etri/CLI_environment/sam6d_ws/template/sauce_mm/vertex_630000/Sauce_with_normal_vertexcolor_mm/templates/mask_28.png,0.122471,512x512,/home/etri/CLI_environment/sam6d_ws/template/sauce_mm/vertex_630000/Sauce_with_normal_vertexcolor_mm/templates/rgb_28.png,"[158.23, 134.309, 114.215]","[48.957, 55.363, 71.892]",sauce_vertex_630000_ply_mm,8059,28
320,137,False,False,/home/etri/CLI_environment/sam6d_ws/template/sauce_mm/vertex_630000/Sauce_with_normal_vertexcolor_mm/templates/mask_29.png,0.133785,512x512,/home/etri/CLI_environment/sam6d_ws/template/sauce_mm/vertex_630000/Sauce_with_normal_vertexcolor_mm/templates/rgb_29.png,"[168.038, 147.074, 129.207]","[44.929, 50.635, 67.082]",sauce_vertex_630000_ply_mm,10167,29
320,136,False,False,/home/etri/CLI_environment/sam6d_ws/template/sauce_mm/vertex_630000/Sauce_with_normal_vertexcolor_mm/templates/mask_30.png,0.133869,512x512,/home/etri/CLI_environment/sam6d_ws/template/sauce_mm/vertex_630000/Sauce_with_normal_vertexcolor_mm/templates/rgb_30.png,"[161.811, 141.135, 123.202]","[49.256, 55.3, 71.782]",sauce_vertex_630000_ply_mm,10057,30
317,106,False,False,/home/etri/CLI_environment/sam6d_ws/template/sauce_mm/vertex_630000/Sauce_with_normal_vertexcolor_mm/templates/mask_31.png,0.108070,512x512,/home/etri/CLI_environment/sam6d_ws/template/sauce_mm/vertex_630000/Sauce_with_normal_vertexcolor_mm/templates/rgb_31.png,"[154.152, 129.724, 109.486]","[50.334, 58.621, 76.135]",sauce_vertex_630000_ply_mm,5521,31
317,126,False,False,/home/etri/CLI_environment/sam6d_ws/template/sauce_mm/vertex_630000/Sauce_with_normal_vertexcolor_mm/templates/mask_32.png,0.120251,512x512,/home/etri/CLI_environment/sam6d_ws/template/sauce_mm/vertex_630000/Sauce_with_normal_vertexcolor_mm/templates/rgb_32.png,"[163.915, 145.357, 129.625]","[45.05, 50.745, 66.415]",sauce_vertex_630000_ply_mm,9425,32
317,126,False,False,/home/etri/CLI_environment/sam6d_ws/template/sauce_mm/vertex_630000/Sauce_with_normal_vertexcolor_mm/templates/mask_33.png,0.120167,512x512,/home/etri/CLI_environment/sam6d_ws/template/sauce_mm/vertex_630000/Sauce_with_normal_vertexcolor_mm/templates/rgb_33.png,"[159.045, 140.922, 124.979]","[48.472, 54.14, 70.037]",sauce_vertex_630000_ply_mm,9341,33
314,140,False,False,/home/etri/CLI_environment/sam6d_ws/template/sauce_mm/vertex_630000/Sauce_with_normal_vertexcolor_mm/templates/mask_34.png,0.131340,512x512,/home/etri/CLI_environment/sam6d_ws/template/sauce_mm/vertex_630000/Sauce_with_normal_vertexcolor_mm/templates/rgb_34.png,"[162.23, 140.993, 122.754]","[49.171, 56.865, 74.058]",sauce_vertex_630000_ply_mm,8705,34
314,139,False,False,/home/etri/CLI_environment/sam6d_ws/template/sauce_mm/vertex_630000/Sauce_with_normal_vertexcolor_mm/templates/mask_35.png,0.131252,512x512,/home/etri/CLI_environment/sam6d_ws/template/sauce_mm/vertex_630000/Sauce_with_normal_vertexcolor_mm/templates/rgb_35.png,"[167.629, 146.12, 128.068]","[44.62, 52.34, 69.348]",sauce_vertex_630000_ply_mm,9013,35
257,114,False,False,/home/etri/CLI_environment/sam6d_ws/template/sauce_mm/vertex_630000/Sauce_with_normal_vertexcolor_mm/templates/mask_36.png,0.090679,512x512,/home/etri/CLI_environment/sam6d_ws/template/sauce_mm/vertex_630000/Sauce_with_normal_vertexcolor_mm/templates/rgb_36.png,"[171.898, 160.835, 152.737]","[45.131, 55.497, 66.893]",sauce_vertex_630000_ply_mm,5137,36
256,137,False,False,/home/etri/CLI_environment/sam6d_ws/template/sauce_mm/vertex_630000/Sauce_with_normal_vertexcolor_mm/templates/mask_37.png,0.097485,512x512,/home/etri/CLI_environment/sam6d_ws/template/sauce_mm/vertex_630000/Sauce_with_normal_vertexcolor_mm/templates/rgb_37.png,"[168.15, 154.181, 144.215]","[47.552, 60.303, 73.324]",sauce_vertex_630000_ply_mm,4775,37
256,137,False,False,/home/etri/CLI_environment/sam6d_ws/template/sauce_mm/vertex_630000/Sauce_with_normal_vertexcolor_mm/templates/mask_38.png,0.097511,512x512,/home/etri/CLI_environment/sam6d_ws/template/sauce_mm/vertex_630000/Sauce_with_normal_vertexcolor_mm/templates/rgb_38.png,"[170.263, 155.923, 145.688]","[45.02, 58.031, 71.29]",sauce_vertex_630000_ply_mm,4914,38
248,150,False,False,/home/etri/CLI_environment/sam6d_ws/template/sauce_mm/vertex_630000/Sauce_with_normal_vertexcolor_mm/templates/mask_39.png,0.104752,512x512,/home/etri/CLI_environment/sam6d_ws/template/sauce_mm/vertex_630000/Sauce_with_normal_vertexcolor_mm/templates/rgb_39.png,"[174.398, 160.757, 150.899]","[39.456, 51.517, 64.415]",sauce_vertex_630000_ply_mm,6489,39
248,150,False,False,/home/etri/CLI_environment/sam6d_ws/template/sauce_mm/vertex_630000/Sauce_with_normal_vertexcolor_mm/templates/mask_40.png,0.104740,512x512,/home/etri/CLI_environment/sam6d_ws/template/sauce_mm/vertex_630000/Sauce_with_normal_vertexcolor_mm/templates/rgb_40.png,"[169.828, 156.87, 147.213]","[45.675, 57.017, 69.699]",sauce_vertex_630000_ply_mm,6223,40
118,154,False,True,/home/etri/CLI_environment/sam6d_ws/template/sauce_mm/vertex_630000/Sauce_with_normal_vertexcolor_mm/templates/mask_41.png,0.058647,512x512,/home/etri/CLI_environment/sam6d_ws/template/sauce_mm/vertex_630000/Sauce_with_normal_vertexcolor_mm/templates/rgb_41.png,"[211.971, 211.593, 211.137]","[10.607, 10.793, 11.048]",sauce_vertex_630000_ply_mm,263,41
