bag,min_bbox_area,min_mask_area,min_final_score,candidate_output_count,tp,fp,tn,fn,visible_recall,hidden_fpr,hand_interaction_fpr,fpr,precision,hidden_fp,hand_fp,revisible_recovery_success,revisible_transition_count,revisible_recovery_rate
SLAM_with_milk_nomilk,1000,1000,0.4,499,185,314,11,2,0.9893048128342246,0.9495412844036697,1.0,0.9661538461538461,0.37074148296593185,207,107,4,4,1.0
only_Milk,1000,1000,0.4,173,173,0,0,0,1.0,,,,1.0,0,0,,,
SLAM_with_milk_nomilk,1000,1000,0.45,265,166,99,226,21,0.8877005347593583,0.3165137614678899,0.2803738317757009,0.3046153846153846,0.6264150943396226,69,30,4,4,1.0
only_Milk,1000,1000,0.45,173,173,0,0,0,1.0,,,,1.0,0,0,,,
SLAM_with_milk_nomilk,1000,1000,0.5,156,151,5,320,36,0.8074866310160428,0.022935779816513763,0.0,0.015384615384615385,0.967948717948718,5,0,4,4,1.0
only_Milk,1000,1000,0.5,172,172,0,0,1,0.9942196531791907,,,,1.0,0,0,,,
SLAM_with_milk_nomilk,1000,1000,0.55,129,127,2,323,60,0.679144385026738,0.009174311926605505,0.0,0.006153846153846154,0.9844961240310077,2,0,4,4,1.0
only_Milk,1000,1000,0.55,170,170,0,0,3,0.9826589595375722,,,,1.0,0,0,,,
SLAM_with_milk_nomilk,1000,1000,0.6,29,29,0,325,158,0.15508021390374332,0.0,0.0,0.0,1.0,0,0,3,4,0.75
only_Milk,1000,1000,0.6,123,123,0,0,50,0.7109826589595376,,,,1.0,0,0,,,
SLAM_with_milk_nomilk,1000,2000,0.4,490,185,305,20,2,0.9893048128342246,0.9128440366972477,0.9906542056074766,0.9384615384615385,0.37755102040816324,199,106,4,4,1.0
only_Milk,1000,2000,0.4,173,173,0,0,0,1.0,,,,1.0,0,0,,,
SLAM_with_milk_nomilk,1000,2000,0.45,258,166,92,233,21,0.8877005347593583,0.2889908256880734,0.27102803738317754,0.28307692307692306,0.6434108527131783,63,29,4,4,1.0
only_Milk,1000,2000,0.45,173,173,0,0,0,1.0,,,,1.0,0,0,,,
SLAM_with_milk_nomilk,1000,2000,0.5,156,151,5,320,36,0.8074866310160428,0.022935779816513763,0.0,0.015384615384615385,0.967948717948718,5,0,4,4,1.0
only_Milk,1000,2000,0.5,172,172,0,0,1,0.9942196531791907,,,,1.0,0,0,,,
SLAM_with_milk_nomilk,1000,2000,0.55,129,127,2,323,60,0.679144385026738,0.009174311926605505,0.0,0.006153846153846154,0.9844961240310077,2,0,4,4,1.0
only_Milk,1000,2000,0.55,170,170,0,0,3,0.9826589595375722,,,,1.0,0,0,,,
SLAM_with_milk_nomilk,1000,2000,0.6,29,29,0,325,158,0.15508021390374332,0.0,0.0,0.0,1.0,0,0,3,4,0.75
only_Milk,1000,2000,0.6,123,123,0,0,50,0.7109826589595376,,,,1.0,0,0,,,
SLAM_with_milk_nomilk,1000,3000,0.4,436,184,252,73,3,0.983957219251337,0.6926605504587156,0.9439252336448598,0.7753846153846153,0.42201834862385323,151,101,4,4,1.0
only_Milk,1000,3000,0.4,173,173,0,0,0,1.0,,,,1.0,0,0,,,
SLAM_with_milk_nomilk,1000,3000,0.45,210,166,44,281,21,0.8877005347593583,0.10091743119266056,0.205607476635514,0.13538461538461538,0.7904761904761904,22,22,4,4,1.0
only_Milk,1000,3000,0.45,172,172,0,0,1,0.9942196531791907,,,,1.0,0,0,,,
SLAM_with_milk_nomilk,1000,3000,0.5,154,151,3,322,36,0.8074866310160428,0.013761467889908258,0.0,0.009230769230769232,0.9805194805194806,3,0,4,4,1.0
only_Milk,1000,3000,0.5,172,172,0,0,1,0.9942196531791907,,,,1.0,0,0,,,
SLAM_with_milk_nomilk,1000,3000,0.55,129,127,2,323,60,0.679144385026738,0.009174311926605505,0.0,0.006153846153846154,0.9844961240310077,2,0,4,4,1.0
only_Milk,1000,3000,0.55,170,170,0,0,3,0.9826589595375722,,,,1.0,0,0,,,
SLAM_with_milk_nomilk,1000,3000,0.6,28,28,0,325,159,0.1497326203208556,0.0,0.0,0.0,1.0,0,0,3,4,0.75
only_Milk,1000,3000,0.6,121,121,0,0,52,0.6994219653179191,,,,1.0,0,0,,,
SLAM_with_milk_nomilk,1000,4000,0.4,405,179,226,99,8,0.9572192513368984,0.6146788990825688,0.8598130841121495,0.6953846153846154,0.4419753086419753,134,92,4,4,1.0
only_Milk,1000,4000,0.4,173,173,0,0,0,1.0,,,,1.0,0,0,,,
SLAM_with_milk_nomilk,1000,4000,0.45,200,160,40,285,27,0.8556149732620321,0.09174311926605505,0.18691588785046728,0.12307692307692308,0.8,20,20,4,4,1.0
only_Milk,1000,4000,0.45,172,172,0,0,1,0.9942196531791907,,,,1.0,0,0,,,
SLAM_with_milk_nomilk,1000,4000,0.5,153,150,3,322,37,0.8021390374331551,0.013761467889908258,0.0,0.009230769230769232,0.9803921568627451,3,0,4,4,1.0
only_Milk,1000,4000,0.5,172,172,0,0,1,0.9942196531791907,,,,1.0,0,0,,,
SLAM_with_milk_nomilk,1000,4000,0.55,114,113,1,324,74,0.6042780748663101,0.0045871559633027525,0.0,0.003076923076923077,0.9912280701754386,1,0,4,4,1.0
only_Milk,1000,4000,0.55,170,170,0,0,3,0.9826589595375722,,,,1.0,0,0,,,
SLAM_with_milk_nomilk,1000,4000,0.6,17,17,0,325,170,0.09090909090909091,0.0,0.0,0.0,1.0,0,0,2,4,0.5
only_Milk,1000,4000,0.6,120,120,0,0,53,0.6936416184971098,,,,1.0,0,0,,,
SLAM_with_milk_nomilk,1000,5000,0.4,372,173,199,126,14,0.9251336898395722,0.518348623853211,0.8037383177570093,0.6123076923076923,0.4650537634408602,113,86,4,4,1.0
only_Milk,1000,5000,0.4,171,171,0,0,2,0.9884393063583815,,,,1.0,0,0,,,
SLAM_with_milk_nomilk,1000,5000,0.45,188,152,36,289,35,0.8128342245989305,0.08256880733944955,0.16822429906542055,0.11076923076923077,0.8085106382978723,18,18,4,4,1.0
only_Milk,1000,5000,0.45,171,171,0,0,2,0.9884393063583815,,,,1.0,0,0,,,
SLAM_with_milk_nomilk,1000,5000,0.5,146,143,3,322,44,0.7647058823529411,0.013761467889908258,0.0,0.009230769230769232,0.9794520547945206,3,0,4,4,1.0
only_Milk,1000,5000,0.5,171,171,0,0,2,0.9884393063583815,,,,1.0,0,0,,,
SLAM_with_milk_nomilk,1000,5000,0.55,100,99,1,324,88,0.5294117647058824,0.0045871559633027525,0.0,0.003076923076923077,0.99,1,0,4,4,1.0
only_Milk,1000,5000,0.55,168,168,0,0,5,0.9710982658959537,,,,1.0,0,0,,,
SLAM_with_milk_nomilk,1000,5000,0.6,0,0,0,325,187,0.0,0.0,0.0,0.0,,0,0,0,4,0.0
only_Milk,1000,5000,0.6,118,118,0,0,55,0.6820809248554913,,,,1.0,0,0,,,
SLAM_with_milk_nomilk,1000,6000,0.4,334,155,179,146,32,0.8288770053475936,0.47706422018348627,0.7009345794392523,0.5507692307692308,0.46407185628742514,104,75,4,4,1.0
only_Milk,1000,6000,0.4,166,166,0,0,7,0.9595375722543352,,,,1.0,0,0,,,
SLAM_with_milk_nomilk,1000,6000,0.45,166,132,34,291,55,0.7058823529411765,0.07339449541284404,0.16822429906542055,0.10461538461538461,0.7951807228915663,16,18,4,4,1.0
only_Milk,1000,6000,0.45,164,164,0,0,9,0.9479768786127167,,,,1.0,0,0,,,
SLAM_with_milk_nomilk,1000,6000,0.5,125,123,2,323,64,0.6577540106951871,0.009174311926605505,0.0,0.006153846153846154,0.984,2,0,4,4,1.0
only_Milk,1000,6000,0.5,164,164,0,0,9,0.9479768786127167,,,,1.0,0,0,,,
SLAM_with_milk_nomilk,1000,6000,0.55,83,82,1,324,105,0.4385026737967914,0.0045871559633027525,0.0,0.003076923076923077,0.9879518072289156,1,0,4,4,1.0
only_Milk,1000,6000,0.55,160,160,0,0,13,0.9248554913294798,,,,1.0,0,0,,,
SLAM_with_milk_nomilk,1000,6000,0.6,0,0,0,325,187,0.0,0.0,0.0,0.0,,0,0,0,4,0.0
only_Milk,1000,6000,0.6,109,109,0,0,64,0.630057803468208,,,,1.0,0,0,,,
SLAM_with_milk_nomilk,2000,1000,0.4,498,185,313,12,2,0.9893048128342246,0.944954128440367,1.0,0.963076923076923,0.3714859437751004,206,107,4,4,1.0
only_Milk,2000,1000,0.4,173,173,0,0,0,1.0,,,,1.0,0,0,,,
SLAM_with_milk_nomilk,2000,1000,0.45,265,166,99,226,21,0.8877005347593583,0.3165137614678899,0.2803738317757009,0.3046153846153846,0.6264150943396226,69,30,4,4,1.0
only_Milk,2000,1000,0.45,173,173,0,0,0,1.0,,,,1.0,0,0,,,
SLAM_with_milk_nomilk,2000,1000,0.5,156,151,5,320,36,0.8074866310160428,0.022935779816513763,0.0,0.015384615384615385,0.967948717948718,5,0,4,4,1.0
only_Milk,2000,1000,0.5,172,172,0,0,1,0.9942196531791907,,,,1.0,0,0,,,
SLAM_with_milk_nomilk,2000,1000,0.55,129,127,2,323,60,0.679144385026738,0.009174311926605505,0.0,0.006153846153846154,0.9844961240310077,2,0,4,4,1.0
only_Milk,2000,1000,0.55,170,170,0,0,3,0.9826589595375722,,,,1.0,0,0,,,
SLAM_with_milk_nomilk,2000,1000,0.6,29,29,0,325,158,0.15508021390374332,0.0,0.0,0.0,1.0,0,0,3,4,0.75
only_Milk,2000,1000,0.6,123,123,0,0,50,0.7109826589595376,,,,1.0,0,0,,,
SLAM_with_milk_nomilk,2000,2000,0.4,490,185,305,20,2,0.9893048128342246,0.9128440366972477,0.9906542056074766,0.9384615384615385,0.37755102040816324,199,106,4,4,1.0
only_Milk,2000,2000,0.4,173,173,0,0,0,1.0,,,,1.0,0,0,,,
SLAM_with_milk_nomilk,2000,2000,0.45,258,166,92,233,21,0.8877005347593583,0.2889908256880734,0.27102803738317754,0.28307692307692306,0.6434108527131783,63,29,4,4,1.0
only_Milk,2000,2000,0.45,173,173,0,0,0,1.0,,,,1.0,0,0,,,
SLAM_with_milk_nomilk,2000,2000,0.5,156,151,5,320,36,0.8074866310160428,0.022935779816513763,0.0,0.015384615384615385,0.967948717948718,5,0,4,4,1.0
only_Milk,2000,2000,0.5,172,172,0,0,1,0.9942196531791907,,,,1.0,0,0,,,
SLAM_with_milk_nomilk,2000,2000,0.55,129,127,2,323,60,0.679144385026738,0.009174311926605505,0.0,0.006153846153846154,0.9844961240310077,2,0,4,4,1.0
only_Milk,2000,2000,0.55,170,170,0,0,3,0.9826589595375722,,,,1.0,0,0,,,
SLAM_with_milk_nomilk,2000,2000,0.6,29,29,0,325,158,0.15508021390374332,0.0,0.0,0.0,1.0,0,0,3,4,0.75
only_Milk,2000,2000,0.6,123,123,0,0,50,0.7109826589595376,,,,1.0,0,0,,,
SLAM_with_milk_nomilk,2000,3000,0.4,436,184,252,73,3,0.983957219251337,0.6926605504587156,0.9439252336448598,0.7753846153846153,0.42201834862385323,151,101,4,4,1.0
only_Milk,2000,3000,0.4,173,173,0,0,0,1.0,,,,1.0,0,0,,,
SLAM_with_milk_nomilk,2000,3000,0.45,210,166,44,281,21,0.8877005347593583,0.10091743119266056,0.205607476635514,0.13538461538461538,0.7904761904761904,22,22,4,4,1.0
only_Milk,2000,3000,0.45,172,172,0,0,1,0.9942196531791907,,,,1.0,0,0,,,
SLAM_with_milk_nomilk,2000,3000,0.5,154,151,3,322,36,0.8074866310160428,0.013761467889908258,0.0,0.009230769230769232,0.9805194805194806,3,0,4,4,1.0
only_Milk,2000,3000,0.5,172,172,0,0,1,0.9942196531791907,,,,1.0,0,0,,,
SLAM_with_milk_nomilk,2000,3000,0.55,129,127,2,323,60,0.679144385026738,0.009174311926605505,0.0,0.006153846153846154,0.9844961240310077,2,0,4,4,1.0
only_Milk,2000,3000,0.55,170,170,0,0,3,0.9826589595375722,,,,1.0,0,0,,,
SLAM_with_milk_nomilk,2000,3000,0.6,28,28,0,325,159,0.1497326203208556,0.0,0.0,0.0,1.0,0,0,3,4,0.75
only_Milk,2000,3000,0.6,121,121,0,0,52,0.6994219653179191,,,,1.0,0,0,,,
SLAM_with_milk_nomilk,2000,4000,0.4,405,179,226,99,8,0.9572192513368984,0.6146788990825688,0.8598130841121495,0.6953846153846154,0.4419753086419753,134,92,4,4,1.0
only_Milk,2000,4000,0.4,173,173,0,0,0,1.0,,,,1.0,0,0,,,
SLAM_with_milk_nomilk,2000,4000,0.45,200,160,40,285,27,0.8556149732620321,0.09174311926605505,0.18691588785046728,0.12307692307692308,0.8,20,20,4,4,1.0
only_Milk,2000,4000,0.45,172,172,0,0,1,0.9942196531791907,,,,1.0,0,0,,,
SLAM_with_milk_nomilk,2000,4000,0.5,153,150,3,322,37,0.8021390374331551,0.013761467889908258,0.0,0.009230769230769232,0.9803921568627451,3,0,4,4,1.0
only_Milk,2000,4000,0.5,172,172,0,0,1,0.9942196531791907,,,,1.0,0,0,,,
SLAM_with_milk_nomilk,2000,4000,0.55,114,113,1,324,74,0.6042780748663101,0.0045871559633027525,0.0,0.003076923076923077,0.9912280701754386,1,0,4,4,1.0
only_Milk,2000,4000,0.55,170,170,0,0,3,0.9826589595375722,,,,1.0,0,0,,,
SLAM_with_milk_nomilk,2000,4000,0.6,17,17,0,325,170,0.09090909090909091,0.0,0.0,0.0,1.0,0,0,2,4,0.5
only_Milk,2000,4000,0.6,120,120,0,0,53,0.6936416184971098,,,,1.0,0,0,,,
SLAM_with_milk_nomilk,2000,5000,0.4,372,173,199,126,14,0.9251336898395722,0.518348623853211,0.8037383177570093,0.6123076923076923,0.4650537634408602,113,86,4,4,1.0
only_Milk,2000,5000,0.4,171,171,0,0,2,0.9884393063583815,,,,1.0,0,0,,,
SLAM_with_milk_nomilk,2000,5000,0.45,188,152,36,289,35,0.8128342245989305,0.08256880733944955,0.16822429906542055,0.11076923076923077,0.8085106382978723,18,18,4,4,1.0
only_Milk,2000,5000,0.45,171,171,0,0,2,0.9884393063583815,,,,1.0,0,0,,,
SLAM_with_milk_nomilk,2000,5000,0.5,146,143,3,322,44,0.7647058823529411,0.013761467889908258,0.0,0.009230769230769232,0.9794520547945206,3,0,4,4,1.0
only_Milk,2000,5000,0.5,171,171,0,0,2,0.9884393063583815,,,,1.0,0,0,,,
SLAM_with_milk_nomilk,2000,5000,0.55,100,99,1,324,88,0.5294117647058824,0.0045871559633027525,0.0,0.003076923076923077,0.99,1,0,4,4,1.0
only_Milk,2000,5000,0.55,168,168,0,0,5,0.9710982658959537,,,,1.0,0,0,,,
SLAM_with_milk_nomilk,2000,5000,0.6,0,0,0,325,187,0.0,0.0,0.0,0.0,,0,0,0,4,0.0
only_Milk,2000,5000,0.6,118,118,0,0,55,0.6820809248554913,,,,1.0,0,0,,,
SLAM_with_milk_nomilk,2000,6000,0.4,334,155,179,146,32,0.8288770053475936,0.47706422018348627,0.7009345794392523,0.5507692307692308,0.46407185628742514,104,75,4,4,1.0
only_Milk,2000,6000,0.4,166,166,0,0,7,0.9595375722543352,,,,1.0,0,0,,,
SLAM_with_milk_nomilk,2000,6000,0.45,166,132,34,291,55,0.7058823529411765,0.07339449541284404,0.16822429906542055,0.10461538461538461,0.7951807228915663,16,18,4,4,1.0
only_Milk,2000,6000,0.45,164,164,0,0,9,0.9479768786127167,,,,1.0,0,0,,,
SLAM_with_milk_nomilk,2000,6000,0.5,125,123,2,323,64,0.6577540106951871,0.009174311926605505,0.0,0.006153846153846154,0.984,2,0,4,4,1.0
only_Milk,2000,6000,0.5,164,164,0,0,9,0.9479768786127167,,,,1.0,0,0,,,
SLAM_with_milk_nomilk,2000,6000,0.55,83,82,1,324,105,0.4385026737967914,0.0045871559633027525,0.0,0.003076923076923077,0.9879518072289156,1,0,4,4,1.0
only_Milk,2000,6000,0.55,160,160,0,0,13,0.9248554913294798,,,,1.0,0,0,,,
SLAM_with_milk_nomilk,2000,6000,0.6,0,0,0,325,187,0.0,0.0,0.0,0.0,,0,0,0,4,0.0
only_Milk,2000,6000,0.6,109,109,0,0,64,0.630057803468208,,,,1.0,0,0,,,
SLAM_with_milk_nomilk,3000,1000,0.4,495,185,310,15,2,0.9893048128342246,0.9403669724770642,0.9813084112149533,0.9538461538461539,0.37373737373737376,205,105,4,4,1.0
only_Milk,3000,1000,0.4,173,173,0,0,0,1.0,,,,1.0,0,0,,,
SLAM_with_milk_nomilk,3000,1000,0.45,262,166,96,229,21,0.8877005347593583,0.3073394495412844,0.27102803738317754,0.2953846153846154,0.6335877862595419,67,29,4,4,1.0
only_Milk,3000,1000,0.45,173,173,0,0,0,1.0,,,,1.0,0,0,,,
SLAM_with_milk_nomilk,3000,1000,0.5,155,151,4,321,36,0.8074866310160428,0.01834862385321101,0.0,0.012307692307692308,0.9741935483870968,4,0,4,4,1.0
only_Milk,3000,1000,0.5,172,172,0,0,1,0.9942196531791907,,,,1.0,0,0,,,
SLAM_with_milk_nomilk,3000,1000,0.55,129,127,2,323,60,0.679144385026738,0.009174311926605505,0.0,0.006153846153846154,0.9844961240310077,2,0,4,4,1.0
only_Milk,3000,1000,0.55,170,170,0,0,3,0.9826589595375722,,,,1.0,0,0,,,
SLAM_with_milk_nomilk,3000,1000,0.6,29,29,0,325,158,0.15508021390374332,0.0,0.0,0.0,1.0,0,0,3,4,0.75
only_Milk,3000,1000,0.6,123,123,0,0,50,0.7109826589595376,,,,1.0,0,0,,,
SLAM_with_milk_nomilk,3000,2000,0.4,488,185,303,22,2,0.9893048128342246,0.9128440366972477,0.9719626168224299,0.9323076923076923,0.3790983606557377,199,104,4,4,1.0
only_Milk,3000,2000,0.4,173,173,0,0,0,1.0,,,,1.0,0,0,,,
SLAM_with_milk_nomilk,3000,2000,0.45,256,166,90,235,21,0.8877005347593583,0.2798165137614679,0.27102803738317754,0.27692307692307694,0.6484375,61,29,4,4,1.0
only_Milk,3000,2000,0.45,173,173,0,0,0,1.0,,,,1.0,0,0,,,
SLAM_with_milk_nomilk,3000,2000,0.5,155,151,4,321,36,0.8074866310160428,0.01834862385321101,0.0,0.012307692307692308,0.9741935483870968,4,0,4,4,1.0
only_Milk,3000,2000,0.5,172,172,0,0,1,0.9942196531791907,,,,1.0,0,0,,,
SLAM_with_milk_nomilk,3000,2000,0.55,129,127,2,323,60,0.679144385026738,0.009174311926605505,0.0,0.006153846153846154,0.9844961240310077,2,0,4,4,1.0
only_Milk,3000,2000,0.55,170,170,0,0,3,0.9826589595375722,,,,1.0,0,0,,,
SLAM_with_milk_nomilk,3000,2000,0.6,29,29,0,325,158,0.15508021390374332,0.0,0.0,0.0,1.0,0,0,3,4,0.75
only_Milk,3000,2000,0.6,123,123,0,0,50,0.7109826589595376,,,,1.0,0,0,,,
SLAM_with_milk_nomilk,3000,3000,0.4,436,184,252,73,3,0.983957219251337,0.6926605504587156,0.9439252336448598,0.7753846153846153,0.42201834862385323,151,101,4,4,1.0
only_Milk,3000,3000,0.4,173,173,0,0,0,1.0,,,,1.0,0,0,,,
SLAM_with_milk_nomilk,3000,3000,0.45,210,166,44,281,21,0.8877005347593583,0.10091743119266056,0.205607476635514,0.13538461538461538,0.7904761904761904,22,22,4,4,1.0
only_Milk,3000,3000,0.45,172,172,0,0,1,0.9942196531791907,,,,1.0,0,0,,,
SLAM_with_milk_nomilk,3000,3000,0.5,154,151,3,322,36,0.8074866310160428,0.013761467889908258,0.0,0.009230769230769232,0.9805194805194806,3,0,4,4,1.0
only_Milk,3000,3000,0.5,172,172,0,0,1,0.9942196531791907,,,,1.0,0,0,,,
SLAM_with_milk_nomilk,3000,3000,0.55,129,127,2,323,60,0.679144385026738,0.009174311926605505,0.0,0.006153846153846154,0.9844961240310077,2,0,4,4,1.0
only_Milk,3000,3000,0.55,170,170,0,0,3,0.9826589595375722,,,,1.0,0,0,,,
SLAM_with_milk_nomilk,3000,3000,0.6,28,28,0,325,159,0.1497326203208556,0.0,0.0,0.0,1.0,0,0,3,4,0.75
only_Milk,3000,3000,0.6,121,121,0,0,52,0.6994219653179191,,,,1.0,0,0,,,
SLAM_with_milk_nomilk,3000,4000,0.4,405,179,226,99,8,0.9572192513368984,0.6146788990825688,0.8598130841121495,0.6953846153846154,0.4419753086419753,134,92,4,4,1.0
only_Milk,3000,4000,0.4,173,173,0,0,0,1.0,,,,1.0,0,0,,,
SLAM_with_milk_nomilk,3000,4000,0.45,200,160,40,285,27,0.8556149732620321,0.09174311926605505,0.18691588785046728,0.12307692307692308,0.8,20,20,4,4,1.0
only_Milk,3000,4000,0.45,172,172,0,0,1,0.9942196531791907,,,,1.0,0,0,,,
SLAM_with_milk_nomilk,3000,4000,0.5,153,150,3,322,37,0.8021390374331551,0.013761467889908258,0.0,0.009230769230769232,0.9803921568627451,3,0,4,4,1.0
only_Milk,3000,4000,0.5,172,172,0,0,1,0.9942196531791907,,,,1.0,0,0,,,
SLAM_with_milk_nomilk,3000,4000,0.55,114,113,1,324,74,0.6042780748663101,0.0045871559633027525,0.0,0.003076923076923077,0.9912280701754386,1,0,4,4,1.0
only_Milk,3000,4000,0.55,170,170,0,0,3,0.9826589595375722,,,,1.0,0,0,,,
SLAM_with_milk_nomilk,3000,4000,0.6,17,17,0,325,170,0.09090909090909091,0.0,0.0,0.0,1.0,0,0,2,4,0.5
only_Milk,3000,4000,0.6,120,120,0,0,53,0.6936416184971098,,,,1.0,0,0,,,
SLAM_with_milk_nomilk,3000,5000,0.4,372,173,199,126,14,0.9251336898395722,0.518348623853211,0.8037383177570093,0.6123076923076923,0.4650537634408602,113,86,4,4,1.0
only_Milk,3000,5000,0.4,171,171,0,0,2,0.9884393063583815,,,,1.0,0,0,,,
SLAM_with_milk_nomilk,3000,5000,0.45,188,152,36,289,35,0.8128342245989305,0.08256880733944955,0.16822429906542055,0.11076923076923077,0.8085106382978723,18,18,4,4,1.0
only_Milk,3000,5000,0.45,171,171,0,0,2,0.9884393063583815,,,,1.0,0,0,,,
SLAM_with_milk_nomilk,3000,5000,0.5,146,143,3,322,44,0.7647058823529411,0.013761467889908258,0.0,0.009230769230769232,0.9794520547945206,3,0,4,4,1.0
only_Milk,3000,5000,0.5,171,171,0,0,2,0.9884393063583815,,,,1.0,0,0,,,
SLAM_with_milk_nomilk,3000,5000,0.55,100,99,1,324,88,0.5294117647058824,0.0045871559633027525,0.0,0.003076923076923077,0.99,1,0,4,4,1.0
only_Milk,3000,5000,0.55,168,168,0,0,5,0.9710982658959537,,,,1.0,0,0,,,
SLAM_with_milk_nomilk,3000,5000,0.6,0,0,0,325,187,0.0,0.0,0.0,0.0,,0,0,0,4,0.0
only_Milk,3000,5000,0.6,118,118,0,0,55,0.6820809248554913,,,,1.0,0,0,,,
SLAM_with_milk_nomilk,3000,6000,0.4,334,155,179,146,32,0.8288770053475936,0.47706422018348627,0.7009345794392523,0.5507692307692308,0.46407185628742514,104,75,4,4,1.0
only_Milk,3000,6000,0.4,166,166,0,0,7,0.9595375722543352,,,,1.0,0,0,,,
SLAM_with_milk_nomilk,3000,6000,0.45,166,132,34,291,55,0.7058823529411765,0.07339449541284404,0.16822429906542055,0.10461538461538461,0.7951807228915663,16,18,4,4,1.0
only_Milk,3000,6000,0.45,164,164,0,0,9,0.9479768786127167,,,,1.0,0,0,,,
SLAM_with_milk_nomilk,3000,6000,0.5,125,123,2,323,64,0.6577540106951871,0.009174311926605505,0.0,0.006153846153846154,0.984,2,0,4,4,1.0
only_Milk,3000,6000,0.5,164,164,0,0,9,0.9479768786127167,,,,1.0,0,0,,,
SLAM_with_milk_nomilk,3000,6000,0.55,83,82,1,324,105,0.4385026737967914,0.0045871559633027525,0.0,0.003076923076923077,0.9879518072289156,1,0,4,4,1.0
only_Milk,3000,6000,0.55,160,160,0,0,13,0.9248554913294798,,,,1.0,0,0,,,
SLAM_with_milk_nomilk,3000,6000,0.6,0,0,0,325,187,0.0,0.0,0.0,0.0,,0,0,0,4,0.0
only_Milk,3000,6000,0.6,109,109,0,0,64,0.630057803468208,,,,1.0,0,0,,,
SLAM_with_milk_nomilk,4000,1000,0.4,473,185,288,37,2,0.9893048128342246,0.8532110091743119,0.9532710280373832,0.8861538461538462,0.39112050739957716,186,102,4,4,1.0
only_Milk,4000,1000,0.4,173,173,0,0,0,1.0,,,,1.0,0,0,,,
SLAM_with_milk_nomilk,4000,1000,0.45,241,166,75,250,21,0.8877005347593583,0.23394495412844038,0.22429906542056074,0.23076923076923078,0.6887966804979253,51,24,4,4,1.0
only_Milk,4000,1000,0.45,173,173,0,0,0,1.0,,,,1.0,0,0,,,
SLAM_with_milk_nomilk,4000,1000,0.5,154,151,3,322,36,0.8074866310160428,0.013761467889908258,0.0,0.009230769230769232,0.9805194805194806,3,0,4,4,1.0
only_Milk,4000,1000,0.5,172,172,0,0,1,0.9942196531791907,,,,1.0,0,0,,,
SLAM_with_milk_nomilk,4000,1000,0.55,129,127,2,323,60,0.679144385026738,0.009174311926605505,0.0,0.006153846153846154,0.9844961240310077,2,0,4,4,1.0
only_Milk,4000,1000,0.55,170,170,0,0,3,0.9826589595375722,,,,1.0,0,0,,,
SLAM_with_milk_nomilk,4000,1000,0.6,29,29,0,325,158,0.15508021390374332,0.0,0.0,0.0,1.0,0,0,3,4,0.75
only_Milk,4000,1000,0.6,120,120,0,0,53,0.6936416184971098,,,,1.0,0,0,,,
SLAM_with_milk_nomilk,4000,2000,0.4,466,185,281,44,2,0.9893048128342246,0.8211009174311926,0.9532710280373832,0.8646153846153846,0.3969957081545064,179,102,4,4,1.0
only_Milk,4000,2000,0.4,173,173,0,0,0,1.0,,,,1.0,0,0,,,
SLAM_with_milk_nomilk,4000,2000,0.45,237,166,71,254,21,0.8877005347593583,0.21559633027522937,0.22429906542056074,0.21846153846153846,0.70042194092827,47,24,4,4,1.0
only_Milk,4000,2000,0.45,173,173,0,0,0,1.0,,,,1.0,0,0,,,
SLAM_with_milk_nomilk,4000,2000,0.5,154,151,3,322,36,0.8074866310160428,0.013761467889908258,0.0,0.009230769230769232,0.9805194805194806,3,0,4,4,1.0
only_Milk,4000,2000,0.5,172,172,0,0,1,0.9942196531791907,,,,1.0,0,0,,,
SLAM_with_milk_nomilk,4000,2000,0.55,129,127,2,323,60,0.679144385026738,0.009174311926605505,0.0,0.006153846153846154,0.9844961240310077,2,0,4,4,1.0
only_Milk,4000,2000,0.55,170,170,0,0,3,0.9826589595375722,,,,1.0,0,0,,,
SLAM_with_milk_nomilk,4000,2000,0.6,29,29,0,325,158,0.15508021390374332,0.0,0.0,0.0,1.0,0,0,3,4,0.75
only_Milk,4000,2000,0.6,120,120,0,0,53,0.6936416184971098,,,,1.0,0,0,,,
SLAM_with_milk_nomilk,4000,3000,0.4,434,184,250,75,3,0.983957219251337,0.6834862385321101,0.9439252336448598,0.7692307692307693,0.423963133640553,149,101,4,4,1.0
only_Milk,4000,3000,0.4,173,173,0,0,0,1.0,,,,1.0,0,0,,,
SLAM_with_milk_nomilk,4000,3000,0.45,210,166,44,281,21,0.8877005347593583,0.10091743119266056,0.205607476635514,0.13538461538461538,0.7904761904761904,22,22,4,4,1.0
only_Milk,4000,3000,0.45,172,172,0,0,1,0.9942196531791907,,,,1.0,0,0,,,
SLAM_with_milk_nomilk,4000,3000,0.5,154,151,3,322,36,0.8074866310160428,0.013761467889908258,0.0,0.009230769230769232,0.9805194805194806,3,0,4,4,1.0
only_Milk,4000,3000,0.5,172,172,0,0,1,0.9942196531791907,,,,1.0,0,0,,,
SLAM_with_milk_nomilk,4000,3000,0.55,129,127,2,323,60,0.679144385026738,0.009174311926605505,0.0,0.006153846153846154,0.9844961240310077,2,0,4,4,1.0
only_Milk,4000,3000,0.55,170,170,0,0,3,0.9826589595375722,,,,1.0,0,0,,,
SLAM_with_milk_nomilk,4000,3000,0.6,28,28,0,325,159,0.1497326203208556,0.0,0.0,0.0,1.0,0,0,3,4,0.75
only_Milk,4000,3000,0.6,120,120,0,0,53,0.6936416184971098,,,,1.0,0,0,,,
SLAM_with_milk_nomilk,4000,4000,0.4,405,179,226,99,8,0.9572192513368984,0.6146788990825688,0.8598130841121495,0.6953846153846154,0.4419753086419753,134,92,4,4,1.0
only_Milk,4000,4000,0.4,173,173,0,0,0,1.0,,,,1.0,0,0,,,
SLAM_with_milk_nomilk,4000,4000,0.45,200,160,40,285,27,0.8556149732620321,0.09174311926605505,0.18691588785046728,0.12307692307692308,0.8,20,20,4,4,1.0
only_Milk,4000,4000,0.45,172,172,0,0,1,0.9942196531791907,,,,1.0,0,0,,,
SLAM_with_milk_nomilk,4000,4000,0.5,153,150,3,322,37,0.8021390374331551,0.013761467889908258,0.0,0.009230769230769232,0.9803921568627451,3,0,4,4,1.0
only_Milk,4000,4000,0.5,172,172,0,0,1,0.9942196531791907,,,,1.0,0,0,,,
SLAM_with_milk_nomilk,4000,4000,0.55,114,113,1,324,74,0.6042780748663101,0.0045871559633027525,0.0,0.003076923076923077,0.9912280701754386,1,0,4,4,1.0
only_Milk,4000,4000,0.55,170,170,0,0,3,0.9826589595375722,,,,1.0,0,0,,,
SLAM_with_milk_nomilk,4000,4000,0.6,17,17,0,325,170,0.09090909090909091,0.0,0.0,0.0,1.0,0,0,2,4,0.5
only_Milk,4000,4000,0.6,120,120,0,0,53,0.6936416184971098,,,,1.0,0,0,,,
SLAM_with_milk_nomilk,4000,5000,0.4,372,173,199,126,14,0.9251336898395722,0.518348623853211,0.8037383177570093,0.6123076923076923,0.4650537634408602,113,86,4,4,1.0
only_Milk,4000,5000,0.4,171,171,0,0,2,0.9884393063583815,,,,1.0,0,0,,,
SLAM_with_milk_nomilk,4000,5000,0.45,188,152,36,289,35,0.8128342245989305,0.08256880733944955,0.16822429906542055,0.11076923076923077,0.8085106382978723,18,18,4,4,1.0
only_Milk,4000,5000,0.45,171,171,0,0,2,0.9884393063583815,,,,1.0,0,0,,,
SLAM_with_milk_nomilk,4000,5000,0.5,146,143,3,322,44,0.7647058823529411,0.013761467889908258,0.0,0.009230769230769232,0.9794520547945206,3,0,4,4,1.0
only_Milk,4000,5000,0.5,171,171,0,0,2,0.9884393063583815,,,,1.0,0,0,,,
SLAM_with_milk_nomilk,4000,5000,0.55,100,99,1,324,88,0.5294117647058824,0.0045871559633027525,0.0,0.003076923076923077,0.99,1,0,4,4,1.0
only_Milk,4000,5000,0.55,168,168,0,0,5,0.9710982658959537,,,,1.0,0,0,,,
SLAM_with_milk_nomilk,4000,5000,0.6,0,0,0,325,187,0.0,0.0,0.0,0.0,,0,0,0,4,0.0
only_Milk,4000,5000,0.6,118,118,0,0,55,0.6820809248554913,,,,1.0,0,0,,,
SLAM_with_milk_nomilk,4000,6000,0.4,334,155,179,146,32,0.8288770053475936,0.47706422018348627,0.7009345794392523,0.5507692307692308,0.46407185628742514,104,75,4,4,1.0
only_Milk,4000,6000,0.4,166,166,0,0,7,0.9595375722543352,,,,1.0,0,0,,,
SLAM_with_milk_nomilk,4000,6000,0.45,166,132,34,291,55,0.7058823529411765,0.07339449541284404,0.16822429906542055,0.10461538461538461,0.7951807228915663,16,18,4,4,1.0
only_Milk,4000,6000,0.45,164,164,0,0,9,0.9479768786127167,,,,1.0,0,0,,,
SLAM_with_milk_nomilk,4000,6000,0.5,125,123,2,323,64,0.6577540106951871,0.009174311926605505,0.0,0.006153846153846154,0.984,2,0,4,4,1.0
only_Milk,4000,6000,0.5,164,164,0,0,9,0.9479768786127167,,,,1.0,0,0,,,
SLAM_with_milk_nomilk,4000,6000,0.55,83,82,1,324,105,0.4385026737967914,0.0045871559633027525,0.0,0.003076923076923077,0.9879518072289156,1,0,4,4,1.0
only_Milk,4000,6000,0.55,160,160,0,0,13,0.9248554913294798,,,,1.0,0,0,,,
SLAM_with_milk_nomilk,4000,6000,0.6,0,0,0,325,187,0.0,0.0,0.0,0.0,,0,0,0,4,0.0
only_Milk,4000,6000,0.6,109,109,0,0,64,0.630057803468208,,,,1.0,0,0,,,
SLAM_with_milk_nomilk,5000,1000,0.4,440,183,257,68,4,0.9786096256684492,0.7339449541284404,0.9065420560747663,0.7907692307692308,0.4159090909090909,160,97,4,4,1.0
only_Milk,5000,1000,0.4,173,173,0,0,0,1.0,,,,1.0,0,0,,,
SLAM_with_milk_nomilk,5000,1000,0.45,215,164,51,274,23,0.8770053475935828,0.13302752293577982,0.205607476635514,0.15692307692307692,0.7627906976744186,29,22,4,4,1.0
only_Milk,5000,1000,0.45,172,172,0,0,1,0.9942196531791907,,,,1.0,0,0,,,
SLAM_with_milk_nomilk,5000,1000,0.5,153,150,3,322,37,0.8021390374331551,0.013761467889908258,0.0,0.009230769230769232,0.9803921568627451,3,0,4,4,1.0
only_Milk,5000,1000,0.5,172,172,0,0,1,0.9942196531791907,,,,1.0,0,0,,,
SLAM_with_milk_nomilk,5000,1000,0.55,125,124,1,324,63,0.6631016042780749,0.0045871559633027525,0.0,0.003076923076923077,0.992,1,0,4,4,1.0
only_Milk,5000,1000,0.55,169,169,0,0,4,0.976878612716763,,,,1.0,0,0,,,
SLAM_with_milk_nomilk,5000,1000,0.6,23,23,0,325,164,0.12299465240641712,0.0,0.0,0.0,1.0,0,0,2,4,0.5
only_Milk,5000,1000,0.6,118,118,0,0,55,0.6820809248554913,,,,1.0,0,0,,,
SLAM_with_milk_nomilk,5000,2000,0.4,432,183,249,76,4,0.9786096256684492,0.6972477064220184,0.9065420560747663,0.7661538461538462,0.4236111111111111,152,97,4,4,1.0
only_Milk,5000,2000,0.4,173,173,0,0,0,1.0,,,,1.0,0,0,,,
SLAM_with_milk_nomilk,5000,2000,0.45,213,164,49,276,23,0.8770053475935828,0.12385321100917432,0.205607476635514,0.15076923076923077,0.7699530516431925,27,22,4,4,1.0
only_Milk,5000,2000,0.45,172,172,0,0,1,0.9942196531791907,,,,1.0,0,0,,,
SLAM_with_milk_nomilk,5000,2000,0.5,153,150,3,322,37,0.8021390374331551,0.013761467889908258,0.0,0.009230769230769232,0.9803921568627451,3,0,4,4,1.0
only_Milk,5000,2000,0.5,172,172,0,0,1,0.9942196531791907,,,,1.0,0,0,,,
SLAM_with_milk_nomilk,5000,2000,0.55,125,124,1,324,63,0.6631016042780749,0.0045871559633027525,0.0,0.003076923076923077,0.992,1,0,4,4,1.0
only_Milk,5000,2000,0.55,169,169,0,0,4,0.976878612716763,,,,1.0,0,0,,,
SLAM_with_milk_nomilk,5000,2000,0.6,23,23,0,325,164,0.12299465240641712,0.0,0.0,0.0,1.0,0,0,2,4,0.5
only_Milk,5000,2000,0.6,118,118,0,0,55,0.6820809248554913,,,,1.0,0,0,,,
SLAM_with_milk_nomilk,5000,3000,0.4,420,182,238,87,5,0.9732620320855615,0.6513761467889908,0.897196261682243,0.7323076923076923,0.43333333333333335,142,96,4,4,1.0
only_Milk,5000,3000,0.4,173,173,0,0,0,1.0,,,,1.0,0,0,,,
SLAM_with_milk_nomilk,5000,3000,0.45,206,164,42,283,23,0.8770053475935828,0.0963302752293578,0.19626168224299065,0.12923076923076923,0.7961165048543689,21,21,4,4,1.0
only_Milk,5000,3000,0.45,172,172,0,0,1,0.9942196531791907,,,,1.0,0,0,,,
SLAM_with_milk_nomilk,5000,3000,0.5,153,150,3,322,37,0.8021390374331551,0.013761467889908258,0.0,0.009230769230769232,0.9803921568627451,3,0,4,4,1.0
only_Milk,5000,3000,0.5,172,172,0,0,1,0.9942196531791907,,,,1.0,0,0,,,
SLAM_with_milk_nomilk,5000,3000,0.55,125,124,1,324,63,0.6631016042780749,0.0045871559633027525,0.0,0.003076923076923077,0.992,1,0,4,4,1.0
only_Milk,5000,3000,0.55,169,169,0,0,4,0.976878612716763,,,,1.0,0,0,,,
SLAM_with_milk_nomilk,5000,3000,0.6,23,23,0,325,164,0.12299465240641712,0.0,0.0,0.0,1.0,0,0,2,4,0.5
only_Milk,5000,3000,0.6,118,118,0,0,55,0.6820809248554913,,,,1.0,0,0,,,
SLAM_with_milk_nomilk,5000,4000,0.4,404,179,225,100,8,0.9572192513368984,0.6146788990825688,0.8504672897196262,0.6923076923076923,0.4430693069306931,134,91,4,4,1.0
only_Milk,5000,4000,0.4,173,173,0,0,0,1.0,,,,1.0,0,0,,,
SLAM_with_milk_nomilk,5000,4000,0.45,200,160,40,285,27,0.8556149732620321,0.09174311926605505,0.18691588785046728,0.12307692307692308,0.8,20,20,4,4,1.0
only_Milk,5000,4000,0.45,172,172,0,0,1,0.9942196531791907,,,,1.0,0,0,,,
SLAM_with_milk_nomilk,5000,4000,0.5,153,150,3,322,37,0.8021390374331551,0.013761467889908258,0.0,0.009230769230769232,0.9803921568627451,3,0,4,4,1.0
only_Milk,5000,4000,0.5,172,172,0,0,1,0.9942196531791907,,,,1.0,0,0,,,
SLAM_with_milk_nomilk,5000,4000,0.55,114,113,1,324,74,0.6042780748663101,0.0045871559633027525,0.0,0.003076923076923077,0.9912280701754386,1,0,4,4,1.0
only_Milk,5000,4000,0.55,169,169,0,0,4,0.976878612716763,,,,1.0,0,0,,,
SLAM_with_milk_nomilk,5000,4000,0.6,17,17,0,325,170,0.09090909090909091,0.0,0.0,0.0,1.0,0,0,2,4,0.5
only_Milk,5000,4000,0.6,118,118,0,0,55,0.6820809248554913,,,,1.0,0,0,,,
SLAM_with_milk_nomilk,5000,5000,0.4,372,173,199,126,14,0.9251336898395722,0.518348623853211,0.8037383177570093,0.6123076923076923,0.4650537634408602,113,86,4,4,1.0
only_Milk,5000,5000,0.4,171,171,0,0,2,0.9884393063583815,,,,1.0,0,0,,,
SLAM_with_milk_nomilk,5000,5000,0.45,188,152,36,289,35,0.8128342245989305,0.08256880733944955,0.16822429906542055,0.11076923076923077,0.8085106382978723,18,18,4,4,1.0
only_Milk,5000,5000,0.45,171,171,0,0,2,0.9884393063583815,,,,1.0,0,0,,,
SLAM_with_milk_nomilk,5000,5000,0.5,146,143,3,322,44,0.7647058823529411,0.013761467889908258,0.0,0.009230769230769232,0.9794520547945206,3,0,4,4,1.0
only_Milk,5000,5000,0.5,171,171,0,0,2,0.9884393063583815,,,,1.0,0,0,,,
SLAM_with_milk_nomilk,5000,5000,0.55,100,99,1,324,88,0.5294117647058824,0.0045871559633027525,0.0,0.003076923076923077,0.99,1,0,4,4,1.0
only_Milk,5000,5000,0.55,168,168,0,0,5,0.9710982658959537,,,,1.0,0,0,,,
SLAM_with_milk_nomilk,5000,5000,0.6,0,0,0,325,187,0.0,0.0,0.0,0.0,,0,0,0,4,0.0
only_Milk,5000,5000,0.6,118,118,0,0,55,0.6820809248554913,,,,1.0,0,0,,,
SLAM_with_milk_nomilk,5000,6000,0.4,334,155,179,146,32,0.8288770053475936,0.47706422018348627,0.7009345794392523,0.5507692307692308,0.46407185628742514,104,75,4,4,1.0
only_Milk,5000,6000,0.4,166,166,0,0,7,0.9595375722543352,,,,1.0,0,0,,,
SLAM_with_milk_nomilk,5000,6000,0.45,166,132,34,291,55,0.7058823529411765,0.07339449541284404,0.16822429906542055,0.10461538461538461,0.7951807228915663,16,18,4,4,1.0
only_Milk,5000,6000,0.45,164,164,0,0,9,0.9479768786127167,,,,1.0,0,0,,,
SLAM_with_milk_nomilk,5000,6000,0.5,125,123,2,323,64,0.6577540106951871,0.009174311926605505,0.0,0.006153846153846154,0.984,2,0,4,4,1.0
only_Milk,5000,6000,0.5,164,164,0,0,9,0.9479768786127167,,,,1.0,0,0,,,
SLAM_with_milk_nomilk,5000,6000,0.55,83,82,1,324,105,0.4385026737967914,0.0045871559633027525,0.0,0.003076923076923077,0.9879518072289156,1,0,4,4,1.0
only_Milk,5000,6000,0.55,160,160,0,0,13,0.9248554913294798,,,,1.0,0,0,,,
SLAM_with_milk_nomilk,5000,6000,0.6,0,0,0,325,187,0.0,0.0,0.0,0.0,,0,0,0,4,0.0
only_Milk,5000,6000,0.6,109,109,0,0,64,0.630057803468208,,,,1.0,0,0,,,
SLAM_with_milk_nomilk,6000,1000,0.4,409,179,230,95,8,0.9572192513368984,0.6330275229357798,0.8598130841121495,0.7076923076923077,0.43765281173594134,138,92,4,4,1.0
only_Milk,6000,1000,0.4,171,171,0,0,2,0.9884393063583815,,,,1.0,0,0,,,
SLAM_with_milk_nomilk,6000,1000,0.45,201,157,44,281,30,0.839572192513369,0.10550458715596331,0.19626168224299065,0.13538461538461538,0.7810945273631841,23,21,4,4,1.0
only_Milk,6000,1000,0.45,169,169,0,0,4,0.976878612716763,,,,1.0,0,0,,,
SLAM_with_milk_nomilk,6000,1000,0.5,149,146,3,322,41,0.7807486631016043,0.013761467889908258,0.0,0.009230769230769232,0.9798657718120806,3,0,4,4,1.0
only_Milk,6000,1000,0.5,169,169,0,0,4,0.976878612716763,,,,1.0,0,0,,,
SLAM_with_milk_nomilk,6000,1000,0.55,109,108,1,324,79,0.5775401069518716,0.0045871559633027525,0.0,0.003076923076923077,0.9908256880733946,1,0,4,4,1.0
only_Milk,6000,1000,0.55,165,165,0,0,8,0.953757225433526,,,,1.0,0,0,,,
SLAM_with_milk_nomilk,6000,1000,0.6,12,12,0,325,175,0.06417112299465241,0.0,0.0,0.0,1.0,0,0,2,4,0.5
only_Milk,6000,1000,0.6,117,117,0,0,56,0.6763005780346821,,,,1.0,0,0,,,
SLAM_with_milk_nomilk,6000,2000,0.4,400,179,221,104,8,0.9572192513368984,0.591743119266055,0.8598130841121495,0.68,0.4475,129,92,4,4,1.0
only_Milk,6000,2000,0.4,171,171,0,0,2,0.9884393063583815,,,,1.0,0,0,,,
SLAM_with_milk_nomilk,6000,2000,0.45,199,157,42,283,30,0.839572192513369,0.0963302752293578,0.19626168224299065,0.12923076923076923,0.7889447236180904,21,21,4,4,1.0
only_Milk,6000,2000,0.45,169,169,0,0,4,0.976878612716763,,,,1.0,0,0,,,
SLAM_with_milk_nomilk,6000,2000,0.5,149,146,3,322,41,0.7807486631016043,0.013761467889908258,0.0,0.009230769230769232,0.9798657718120806,3,0,4,4,1.0
only_Milk,6000,2000,0.5,169,169,0,0,4,0.976878612716763,,,,1.0,0,0,,,
SLAM_with_milk_nomilk,6000,2000,0.55,109,108,1,324,79,0.5775401069518716,0.0045871559633027525,0.0,0.003076923076923077,0.9908256880733946,1,0,4,4,1.0
only_Milk,6000,2000,0.55,165,165,0,0,8,0.953757225433526,,,,1.0,0,0,,,
SLAM_with_milk_nomilk,6000,2000,0.6,12,12,0,325,175,0.06417112299465241,0.0,0.0,0.0,1.0,0,0,2,4,0.5
only_Milk,6000,2000,0.6,117,117,0,0,56,0.6763005780346821,,,,1.0,0,0,,,
SLAM_with_milk_nomilk,6000,3000,0.4,395,179,216,109,8,0.9572192513368984,0.5688073394495413,0.8598130841121495,0.6646153846153846,0.4531645569620253,124,92,4,4,1.0
only_Milk,6000,3000,0.4,171,171,0,0,2,0.9884393063583815,,,,1.0,0,0,,,
SLAM_with_milk_nomilk,6000,3000,0.45,197,157,40,285,30,0.839572192513369,0.0871559633027523,0.19626168224299065,0.12307692307692308,0.7969543147208121,19,21,4,4,1.0
only_Milk,6000,3000,0.45,169,169,0,0,4,0.976878612716763,,,,1.0,0,0,,,
SLAM_with_milk_nomilk,6000,3000,0.5,149,146,3,322,41,0.7807486631016043,0.013761467889908258,0.0,0.009230769230769232,0.9798657718120806,3,0,4,4,1.0
only_Milk,6000,3000,0.5,169,169,0,0,4,0.976878612716763,,,,1.0,0,0,,,
SLAM_with_milk_nomilk,6000,3000,0.55,109,108,1,324,79,0.5775401069518716,0.0045871559633027525,0.0,0.003076923076923077,0.9908256880733946,1,0,4,4,1.0
only_Milk,6000,3000,0.55,165,165,0,0,8,0.953757225433526,,,,1.0,0,0,,,
SLAM_with_milk_nomilk,6000,3000,0.6,12,12,0,325,175,0.06417112299465241,0.0,0.0,0.0,1.0,0,0,2,4,0.5
only_Milk,6000,3000,0.6,117,117,0,0,56,0.6763005780346821,,,,1.0,0,0,,,
SLAM_with_milk_nomilk,6000,4000,0.4,389,178,211,114,9,0.9518716577540107,0.5596330275229358,0.8317757009345794,0.6492307692307693,0.45758354755784064,122,89,4,4,1.0
only_Milk,6000,4000,0.4,171,171,0,0,2,0.9884393063583815,,,,1.0,0,0,,,
SLAM_with_milk_nomilk,6000,4000,0.45,195,156,39,286,31,0.8342245989304813,0.0871559633027523,0.18691588785046728,0.12,0.8,19,20,4,4,1.0
only_Milk,6000,4000,0.45,169,169,0,0,4,0.976878612716763,,,,1.0,0,0,,,
SLAM_with_milk_nomilk,6000,4000,0.5,149,146,3,322,41,0.7807486631016043,0.013761467889908258,0.0,0.009230769230769232,0.9798657718120806,3,0,4,4,1.0
only_Milk,6000,4000,0.5,169,169,0,0,4,0.976878612716763,,,,1.0,0,0,,,
SLAM_with_milk_nomilk,6000,4000,0.55,109,108,1,324,79,0.5775401069518716,0.0045871559633027525,0.0,0.003076923076923077,0.9908256880733946,1,0,4,4,1.0
only_Milk,6000,4000,0.55,165,165,0,0,8,0.953757225433526,,,,1.0,0,0,,,
SLAM_with_milk_nomilk,6000,4000,0.6,12,12,0,325,175,0.06417112299465241,0.0,0.0,0.0,1.0,0,0,2,4,0.5
only_Milk,6000,4000,0.6,117,117,0,0,56,0.6763005780346821,,,,1.0,0,0,,,
SLAM_with_milk_nomilk,6000,5000,0.4,372,173,199,126,14,0.9251336898395722,0.518348623853211,0.8037383177570093,0.6123076923076923,0.4650537634408602,113,86,4,4,1.0
only_Milk,6000,5000,0.4,170,170,0,0,3,0.9826589595375722,,,,1.0,0,0,,,
SLAM_with_milk_nomilk,6000,5000,0.45,188,152,36,289,35,0.8128342245989305,0.08256880733944955,0.16822429906542055,0.11076923076923077,0.8085106382978723,18,18,4,4,1.0
only_Milk,6000,5000,0.45,169,169,0,0,4,0.976878612716763,,,,1.0,0,0,,,
SLAM_with_milk_nomilk,6000,5000,0.5,145,142,3,322,45,0.7593582887700535,0.013761467889908258,0.0,0.009230769230769232,0.9793103448275862,3,0,4,4,1.0
only_Milk,6000,5000,0.5,169,169,0,0,4,0.976878612716763,,,,1.0,0,0,,,
SLAM_with_milk_nomilk,6000,5000,0.55,100,99,1,324,88,0.5294117647058824,0.0045871559633027525,0.0,0.003076923076923077,0.99,1,0,4,4,1.0
only_Milk,6000,5000,0.55,165,165,0,0,8,0.953757225433526,,,,1.0,0,0,,,
SLAM_with_milk_nomilk,6000,5000,0.6,0,0,0,325,187,0.0,0.0,0.0,0.0,,0,0,0,4,0.0
only_Milk,6000,5000,0.6,117,117,0,0,56,0.6763005780346821,,,,1.0,0,0,,,
SLAM_with_milk_nomilk,6000,6000,0.4,334,155,179,146,32,0.8288770053475936,0.47706422018348627,0.7009345794392523,0.5507692307692308,0.46407185628742514,104,75,4,4,1.0
only_Milk,6000,6000,0.4,166,166,0,0,7,0.9595375722543352,,,,1.0,0,0,,,
SLAM_with_milk_nomilk,6000,6000,0.45,166,132,34,291,55,0.7058823529411765,0.07339449541284404,0.16822429906542055,0.10461538461538461,0.7951807228915663,16,18,4,4,1.0
only_Milk,6000,6000,0.45,164,164,0,0,9,0.9479768786127167,,,,1.0,0,0,,,
SLAM_with_milk_nomilk,6000,6000,0.5,125,123,2,323,64,0.6577540106951871,0.009174311926605505,0.0,0.006153846153846154,0.984,2,0,4,4,1.0
only_Milk,6000,6000,0.5,164,164,0,0,9,0.9479768786127167,,,,1.0,0,0,,,
SLAM_with_milk_nomilk,6000,6000,0.55,83,82,1,324,105,0.4385026737967914,0.0045871559633027525,0.0,0.003076923076923077,0.9879518072289156,1,0,4,4,1.0
only_Milk,6000,6000,0.55,160,160,0,0,13,0.9248554913294798,,,,1.0,0,0,,,
SLAM_with_milk_nomilk,6000,6000,0.6,0,0,0,325,187,0.0,0.0,0.0,0.0,,0,0,0,4,0.0
only_Milk,6000,6000,0.6,109,109,0,0,64,0.630057803468208,,,,1.0,0,0,,,
