frame,skip_reason,translation_jump_mm,rotation_jump_deg,pose_confidence_score,candidate_score,bbox_area,mask_area,temporal_translation_threshold_mm,temporal_rotation_threshold_deg,hold_count_before
000090,,27.851007294635256,1.7091554649003502,0.6206614971160889,0.6209647059440613,10325.0,9455,25.0,120.0,0
000095,,50.707655869916955,3.6153546070174234,0.6074919104576111,0.6274676322937012,7788.0,7321,25.0,120.0,1
000100,temporal_jump_reject,71.45746801884184,3.121690406883305,0.6171957850456238,0.6306509971618652,9238.0,8741,25.0,120.0,2
000105,temporal_jump_reject,89.93182670387941,3.3359303843565358,0.6235207915306091,0.62596595287323,12352.0,11311,25.0,120.0,2
000110,temporal_jump_reject,172.97874064035352,7.635894446418132,0.6383340954780579,0.6383340954780579,10752.0,9752,25.0,120.0,2
000115,temporal_jump_reject,124.58083970343586,6.794476586423639,0.6347526907920837,0.6347526907920837,12804.0,11907,25.0,120.0,2
000120,temporal_jump_reject,148.50096005039893,7.30255241570354,0.6279611587524414,0.6279611587524414,12545.0,11860,25.0,120.0,2
000125,temporal_jump_reject,166.20278908779667,9.42907976406929,0.63102787733078,0.63102787733078,13065.0,11802,25.0,120.0,2
000130,temporal_jump_reject,187.94116597918338,10.026131881417582,0.626480758190155,0.626480758190155,13248.0,11807,25.0,120.0,2
000135,temporal_jump_reject,218.39737678524125,15.95384806887676,0.5670878887176514,0.5676422119140625,12351.0,11614,25.0,120.0,2
000140,temporal_jump_reject,231.6246690722745,15.101008041827914,0.5698593854904175,0.607468843460083,10048.0,9098,25.0,120.0,2
000145,temporal_jump_reject,238.88225361800366,14.849574807148649,0.5547567009925842,0.5547567009925842,10494.0,9692,25.0,120.0,2
000150,temporal_jump_reject,250.02264939902784,14.896755303530583,0.5559728145599365,0.5966862440109253,5830.0,5223,25.0,120.0,2
000155,temporal_jump_reject,261.40146352051346,12.967542121730714,0.5577900409698486,0.5610775947570801,9858.0,9030,25.0,120.0,2
000235,pose_confidence_score_below_min,110.72843530342932,13.184631307970118,0.5457844138145447,0.5718110203742981,9060.0,8820,25.0,120.0,2
000240,pose_confidence_score_below_min,183.51027002946907,21.07279849586877,0.45803171396255493,0.62956303358078,10740.0,9742,25.0,120.0,2
000245,temporal_jump_reject,244.6412269874522,20.482782944734286,0.6211568117141724,0.6238985657691956,9982.0,9313,25.0,120.0,2
000250,temporal_jump_reject,273.19935859991125,21.8439905665523,0.610072135925293,0.610072135925293,11895.0,10504,25.0,120.0,2
000255,temporal_jump_reject,318.6887575071072,25.400793972735325,0.6116438508033752,0.6116438508033752,10496.0,9758,25.0,120.0,2
000260,temporal_jump_reject,338.1468430769222,26.991506041010467,0.5637970566749573,0.5637970566749573,11316.0,10310,25.0,120.0,2
000265,temporal_jump_reject,364.69902217908276,31.553742066425244,0.5652878284454346,0.5652878284454346,10676.0,9714,25.0,120.0,2
000270,temporal_jump_reject,376.16977354929116,28.43048457476454,0.5666942000389099,0.5669710636138916,10112.0,9028,25.0,120.0,2
000275,temporal_jump_reject,389.8029019596041,29.575744269589027,0.5655757188796997,0.5731950402259827,8880.0,8106,25.0,120.0,2
000340,temporal_jump_reject,115.48452117026382,10.83322209886992,0.5782776474952698,0.6348019242286682,3498.0,2625,25.0,120.0,2
000345,temporal_jump_reject,155.4163842267645,13.765149736520922,0.6114680171012878,0.6493398547172546,3685.0,2667,25.0,120.0,2
000350,temporal_jump_reject,219.31210432500643,19.157321683094114,0.5778016448020935,0.6172757148742676,9204.0,8453,25.0,120.0,2
000355,temporal_jump_reject,212.41591077363398,20.917819854248034,0.5718304514884949,0.6273232102394104,9240.0,8477,25.0,120.0,2
000360,temporal_jump_reject,211.2313180717818,20.455336127304903,0.626145601272583,0.6310351490974426,9027.0,8642,25.0,120.0,2
000365,temporal_jump_reject,216.23018371520016,17.726851605696186,0.615084707736969,0.6285403966903687,9027.0,8395,25.0,120.0,2
000370,temporal_jump_reject,218.9372938044666,18.24649560388108,0.5783015489578247,0.6220535039901733,7308.0,6879,25.0,120.0,2
000375,temporal_jump_reject,212.57033708925798,17.47873769534808,0.6191460490226746,0.6235674023628235,9480.0,8963,25.0,120.0,2
000380,temporal_jump_reject,196.7973848648588,13.784463543026334,0.5625154972076416,0.6278640031814575,9720.0,8754,25.0,120.0,2
000385,temporal_jump_reject,175.71597114146283,13.452827737834328,0.5627197623252869,0.6318901181221008,9720.0,8817,25.0,120.0,2
000390,temporal_jump_reject,163.1588722075438,7.783065442367776,0.5514366626739502,0.6317035555839539,9240.0,8749,25.0,120.0,2
000395,temporal_jump_reject,143.3009152602394,5.381150793211674,0.59284907579422,0.6163756251335144,6545.0,5558,25.0,120.0,2
000400,temporal_jump_reject,129.84609999672088,2.164325173594656,0.5908727645874023,0.5908727645874023,12444.0,11067,25.0,120.0,2
000405,temporal_jump_reject,129.4412717813089,3.2034735024174377,0.5774068832397461,0.6290551424026489,9296.0,8459,25.0,120.0,2
000410,temporal_jump_reject,131.65401414616449,1.1110805618109898,0.6282002925872803,0.6282002925872803,10032.0,9043,25.0,120.0,2
000415,temporal_jump_reject,140.29006030257815,6.33005848706767,0.5702810883522034,0.6248587965965271,9184.0,8828,25.0,120.0,2
000420,temporal_jump_reject,145.67925330802146,10.261343517485694,0.568352460861206,0.6279785633087158,9720.0,8815,25.0,120.0,2
000425,temporal_jump_reject,136.17202313282033,11.193677273469616,0.5568506121635437,0.5613309741020203,9027.0,8608,25.0,120.0,2
000445,temporal_jump_reject,137.50903952980303,22.95676164049377,0.574366569519043,0.6106610298156738,8470.0,7927,25.0,120.0,2
000585,temporal_jump_reject,68.08016211214881,5.184973219065247,0.5750236511230469,0.6232521533966064,7685.0,7015,25.0,120.0,2
000590,temporal_jump_reject,97.1262398671192,2.2622984991413597,0.5676010251045227,0.5676010251045227,10899.0,9916,25.0,120.0,2
000595,temporal_jump_reject,149.04626083157768,5.803470130476224,0.6020551323890686,0.6020551323890686,10168.0,9600,25.0,120.0,2
000600,temporal_jump_reject,191.50423587517426,10.727211019959645,0.5655138492584229,0.5657901167869568,11456.0,10705,25.0,120.0,2
000605,temporal_jump_reject,202.3440572350641,16.358589785406565,0.5746135711669922,0.5978171229362488,3392.0,2603,25.0,120.0,2
000610,temporal_jump_reject,208.2569794270549,17.855689434086237,0.6205742359161377,0.6223976612091064,10208.0,9564,25.0,120.0,2
000615,pose_confidence_score_below_min,211.67753024441697,16.929824076007463,0.463052362203598,0.6208308935165405,3520.0,2464,25.0,120.0,2
000620,pose_confidence_score_below_min,213.9602710726462,12.70486236316039,0.39401960372924805,0.6220932006835938,8584.0,8016,25.0,120.0,2
000625,temporal_jump_reject,212.31590410682495,20.571061795272882,0.6205900311470032,0.6205900311470032,10034.0,9148,25.0,120.0,2
000630,pose_confidence_score_below_min,212.32004591547434,11.990353182834829,0.3425057530403137,0.5763224959373474,8493.0,7978,25.0,120.0,2
000635,pose_confidence_score_below_min,217.85912577891662,19.781136054609668,0.46528029441833496,0.6165066361427307,8909.0,8516,25.0,120.0,2
000640,temporal_jump_reject,228.14919800534346,20.722278821741146,0.5631951093673706,0.6062018871307373,3575.0,2640,25.0,120.0,2
000645,temporal_jump_reject,234.07699885013392,22.514336216503217,0.5872779488563538,0.6084387898445129,8990.0,8496,25.0,120.0,2
000650,temporal_jump_reject,243.80605949268866,23.2009939137091,0.5659850239753723,0.6149689555168152,9145.0,8520,25.0,120.0,2
000655,temporal_jump_reject,251.71189005783566,24.65528247035181,0.5923565030097961,0.6176541447639465,9240.0,8979,25.0,120.0,2
000660,temporal_jump_reject,246.12152052240867,26.960429713578495,0.61332768201828,0.61332768201828,11285.0,10943,25.0,120.0,2
000665,temporal_jump_reject,238.41123083906888,21.384850087554632,0.5920408368110657,0.6137728095054626,9420.0,8794,25.0,120.0,2
000670,temporal_jump_reject,241.0389160543749,26.882598393415492,0.6188828945159912,0.6188828945159912,9858.0,9079,25.0,120.0,2
000675,temporal_jump_reject,216.24069538735097,24.347319690969453,0.5918512940406799,0.602731466293335,8906.0,8718,25.0,120.0,2
000680,temporal_jump_reject,211.49088769493395,23.13150930777532,0.6040940284729004,0.6067604422569275,10560.0,9794,25.0,120.0,2
000745,temporal_jump_reject,172.34578036943137,22.719340817051048,0.5990228652954102,0.6036370992660522,9048.0,8488,25.0,120.0,2
000750,temporal_jump_reject,166.18650669917116,17.63077265962485,0.6160203814506531,0.6184361577033997,10974.0,10129,25.0,120.0,2
000755,temporal_jump_reject,159.07642868952357,17.350363960018424,0.6126123666763306,0.6126123666763306,11100.0,10259,25.0,120.0,2
000760,temporal_jump_reject,156.1173398131201,13.866111452978517,0.6171331405639648,0.6415187120437622,7018.0,6516,25.0,120.0,2
000765,temporal_jump_reject,141.46538633133227,13.897027661473334,0.6091513633728027,0.6185017824172974,8968.0,8253,25.0,120.0,2
000770,temporal_jump_reject,125.71075164701173,14.547123702974647,0.6302140355110168,0.6558970808982849,6440.0,5877,25.0,120.0,2
000775,temporal_jump_reject,121.15018133387477,10.513859695220521,0.5883694887161255,0.6100355982780457,8758.0,8514,25.0,120.0,2
000780,temporal_jump_reject,115.86829789027021,12.843273280821682,0.6186690330505371,0.625078558921814,10620.0,9737,25.0,120.0,2
000785,temporal_jump_reject,112.26730184482116,11.603229330296754,0.5523858070373535,0.64822918176651,3564.0,2631,25.0,120.0,2
000790,temporal_jump_reject,111.77446637968683,12.608765372631353,0.6213508248329163,0.6616339087486267,3575.0,2660,25.0,120.0,2
000795,temporal_jump_reject,110.8525841582827,13.881249095414624,0.6266618967056274,0.6486752033233643,3696.0,2864,25.0,120.0,2
000800,temporal_jump_reject,112.181319568547,14.658540280564264,0.622734010219574,0.6569591164588928,3630.0,2635,25.0,120.0,2
000805,temporal_jump_reject,110.18078058285775,12.428765955190018,0.6205099821090698,0.6370567083358765,3630.0,2800,25.0,120.0,2
000810,temporal_jump_reject,111.60459027133757,11.515784514163407,0.6281408071517944,0.6312342882156372,3564.0,2689,25.0,120.0,2
000815,temporal_jump_reject,104.56827440978797,13.866423895291357,0.5592259764671326,0.6218274831771851,3510.0,2601,25.0,120.0,2
000820,temporal_jump_reject,105.88564156621857,13.684250525938307,0.629605770111084,0.629605770111084,10203.0,10151,25.0,120.0,2
000825,temporal_jump_reject,104.63730464891289,14.370811300040382,0.6212383508682251,0.6322855353355408,3520.0,2639,25.0,120.0,2
000830,temporal_jump_reject,104.49767184222524,13.912215411592467,0.6275259852409363,0.648675262928009,3575.0,2622,25.0,120.0,2
000835,temporal_jump_reject,105.00027141627463,13.816615080856186,0.6228668689727783,0.6332847476005554,3520.0,2644,25.0,120.0,2
000840,temporal_jump_reject,105.81064332417162,13.773904870557832,0.6283159255981445,0.6323001980781555,3520.0,2637,25.0,120.0,2
000845,temporal_jump_reject,104.10084305965648,14.434211244289907,0.6258075833320618,0.6438588500022888,3520.0,2640,25.0,120.0,2
000850,temporal_jump_reject,103.58958609295411,13.834390132847693,0.629548192024231,0.629548192024231,10440.0,10098,25.0,120.0,2
000855,temporal_jump_reject,105.6568432509782,13.347428956188296,0.62640780210495,0.6363621950149536,3520.0,2638,25.0,120.0,2
000860,temporal_jump_reject,106.36036258648282,11.537952586302803,0.6265928745269775,0.6370474100112915,3520.0,2646,25.0,120.0,2
